idatracacao,cdtup,berco,portoatracacao,ano,mes,tipooperacao,tiponavegacaoatracacao,terminal,nacionalidadearmador,tesperaatracacao,tesperacainicioop,toperacao,tesperadesatracacao,tatracado,testadia,idcarga,origem,destino,cdmercadoria,naturezacarga,qtcarga,pesocargabruta,sentido,
1,1,1,1,1,1,1,1,1,1,1,1,1,1,1,1,1,1,1,1,1,1,1,1,
2,2,2,2,1,2,2,2,2,2,1,2,2,2,2,2,2,2,2,1,1,1,2,1,
2,2,2,2,1,2,2,2,2,2,1,2,2,2,2,2,3,3,2,2,1,1,3,2,
3,3,3,3,1,3,2,2,3,3,2,3,3,3,3,3,4,4,3,3,1,1,4,2,
4,4,4,4,1,4,2,2,4,3,3,2,4,2,4,4,5,5,3,3,1,1,5,1,
4,4,4,4,1,4,2,2,4,3,3,2,4,2,4,4,6,4,3,3,1,1,6,1,
5,3,3,3,1,4,2,2,3,3,4,2,5,4,3,5,7,4,3,3,1,1,7,2,
6,4,4,4,1,2,2,2,4,3,5,2,6,2,5,6,8,6,3,1,1,1,8,1,
7,3,3,3,1,4,2,2,3,3,6,4,7,2,6,7,9,4,3,3,1,1,9,2,
8,4,4,4,1,3,2,2,4,3,3,4,8,2,7,8,10,4,3,3,1,1,10,1,
8,4,4,4,1,3,2,2,4,3,3,4,8,2,7,8,11,4,3,3,1,1,11,1,
8,4,4,4,1,3,2,2,4,3,3,4,8,2,7,8,12,4,3,3,1,1,12,1,
8,4,4,4,1,3,2,2,4,3,3,4,8,2,7,8,13,5,3,3,1,1,13,1,
9,2,2,2,1,1,2,2,2,2,1,3,9,3,2,2,14,7,2,1,1,1,14,1,
9,2,2,2,1,1,2,2,2,2,1,3,9,3,2,2,15,3,2,2,1,1,15,2,
9,2,2,2,1,1,2,2,2,2,1,3,9,3,2,2,16,3,2,2,2,1,16,2,
10,5,5,5,1,5,2,2,5,2,7,4,10,5,8,9,17,8,4,3,1,1,17,2,
11,6,6,6,1,5,2,2,6,3,8,5,11,5,9,10,18,9,5,3,1,1,18,1,
11,6,6,6,1,5,2,2,6,3,8,5,11,5,9,10,19,9,5,3,1,1,19,1,
12,4,4,4,1,3,2,2,4,3,3,2,12,2,10,11,20,4,3,3,1,1,20,1,
12,4,4,4,1,3,2,2,4,3,3,2,12,2,10,11,21,5,3,3,1,1,21,1,
13,3,3,3,1,1,2,2,3,3,9,2,13,4,11,12,22,4,3,3,1,1,22,2,
14,4,4,4,1,6,2,2,4,3,3,4,8,6,12,3,23,4,3,1,1,1,23,1,
15,7,7,7,1,5,2,2,7,3,10,4,14,7,13,13,24,8,4,3,1,1,24,1,
16,7,8,7,1,7,2,2,8,3,1,6,15,5,14,11,25,10,6,1,1,1,25,2,
17,7,9,7,1,7,2,2,9,3,11,1,16,1,15,14,26,2,4,1,1,1,26,1,
18,7,9,7,1,8,2,2,9,3,3,7,17,8,15,15,27,11,4,1,1,1,27,1,
19,8,10,8,1,9,2,2,10,2,1,4,18,9,16,16,28,12,7,1,1,1,28,1,
19,8,10,8,1,9,2,2,10,2,1,4,18,9,16,16,29,13,7,2,2,1,29,1,
20,6,11,6,1,7,2,2,6,3,12,8,19,1,17,17,30,10,5,1,1,1,30,1,
21,9,12,9,1,9,2,2,11,2,13,4,6,2,18,18,31,14,8,1,1,1,31,1,
21,9,12,9,1,9,2,2,11,2,13,4,6,2,18,18,32,15,7,1,1,1,32,2,
22,6,13,6,1,8,2,2,6,3,14,5,20,4,2,19,33,6,4,1,1,1,33,2,
23,2,2,2,1,10,2,2,2,2,1,4,9,7,2,2,34,2,2,1,1,1,34,1,
24,10,14,10,1,5,2,2,12,2,15,3,21,4,19,20,35,16,4,3,1,1,35,2,
24,10,14,10,1,5,2,2,12,2,15,3,21,4,19,20,36,4,9,1,1,1,36,1,
25,8,10,8,1,8,2,2,10,2,1,3,22,7,20,6,37,12,7,1,1,1,37,1,
26,3,3,3,1,6,2,2,3,3,16,3,6,4,5,21,38,4,3,3,1,1,38,2,
27,3,3,3,1,5,2,2,3,3,17,2,23,10,11,22,39,4,4,3,1,1,39,2,
28,4,4,4,1,1,2,2,4,3,1,4,24,5,21,23,40,4,3,3,1,1,40,1,
28,4,4,4,1,1,2,2,4,3,1,4,24,5,21,23,41,5,3,3,1,1,41,1,
28,4,4,4,1,1,2,2,4,3,1,4,24,5,21,23,42,4,3,3,1,1,42,1,
28,4,4,4,1,1,2,2,4,3,1,4,24,5,21,23,43,2,3,1,1,1,15,1,
29,10,14,10,1,11,2,2,12,2,18,3,25,10,22,24,44,4,9,1,1,1,43,1,
29,10,14,10,1,11,2,2,12,2,18,3,25,10,22,24,45,17,9,1,1,1,44,1,
30,3,3,3,1,11,2,2,3,3,19,3,10,4,23,25,46,4,3,3,1,1,45,2,
31,7,7,7,1,6,2,2,7,3,14,9,6,2,24,26,47,17,4,3,1,1,46,1,
32,10,14,10,1,5,2,2,12,2,20,3,10,6,1,27,48,16,5,3,1,1,47,2,
33,11,15,11,1,9,2,2,13,2,21,5,26,7,9,11,49,12,7,1,1,1,48,2,
34,12,16,12,1,9,2,2,14,2,22,4,25,11,12,28,50,2,10,1,1,1,49,1,
34,12,16,12,1,9,2,2,14,2,22,4,25,11,12,28,51,14,7,1,1,1,50,2,
35,6,11,6,1,10,2,2,6,3,4,8,2,3,25,4,52,6,4,1,1,1,51,2,
36,12,16,12,1,12,2,2,14,2,2,5,27,7,23,29,53,14,7,1,1,1,52,2,
36,12,16,12,1,12,2,2,14,2,2,5,27,7,23,29,54,18,11,4,1,1,53,3,
37,2,2,2,1,9,2,2,2,2,1,5,5,4,23,30,55,2,2,1,1,1,54,1,
38,13,17,13,1,4,2,2,15,2,23,5,3,4,26,31,56,19,12,3,1,1,55,2,
39,13,17,13,1,8,2,2,15,3,24,4,3,4,11,32,57,19,4,3,1,1,56,2,
40,6,11,6,1,2,2,2,6,3,25,5,2,5,27,33,58,6,10,1,1,1,57,2,
41,6,11,6,1,7,2,2,6,3,26,10,18,4,28,17,59,6,13,1,1,1,58,2,
42,11,18,11,1,12,2,2,13,2,27,7,28,7,29,34,60,12,7,1,1,1,59,2,
43,14,19,14,1,10,2,3,16,3,4,7,29,1,30,3,61,20,14,5,3,1,60,2,
44,8,1,8,1,10,2,2,17,2,1,3,30,12,31,35,62,20,7,5,3,1,61,1,
45,15,20,15,1,2,3,1,18,3,1,1,27,1,32,36,63,21,15,6,3,1,62,1,
46,15,20,15,1,10,3,1,18,3,28,1,31,1,33,37,64,21,15,6,3,1,63,1,
47,15,20,15,1,7,3,1,18,3,20,1,32,1,34,38,65,21,15,6,3,1,64,1,
48,15,20,15,1,2,3,1,18,3,1,1,33,1,35,39,66,21,15,6,3,1,65,1,
49,15,20,15,1,2,3,1,18,3,1,1,31,1,33,40,67,21,15,6,3,1,66,1,
50,15,20,15,1,4,3,1,18,3,29,1,32,1,34,11,68,21,15,6,3,1,67,1,
51,15,20,15,1,2,3,1,18,3,1,1,33,1,35,39,69,21,15,6,3,1,68,1,
52,15,20,15,1,7,3,1,18,3,7,1,34,1,36,41,70,21,15,6,3,1,69,1,
53,15,20,15,1,7,3,1,18,3,7,1,34,1,36,41,71,21,15,6,3,1,70,1,
54,15,20,15,1,7,3,1,18,3,28,1,35,1,37,38,72,21,15,6,3,1,71,1,
55,15,20,15,1,7,3,1,18,3,21,1,35,1,37,42,73,21,15,6,3,1,72,1,
56,15,20,15,1,7,3,1,18,3,17,1,33,1,35,43,74,21,15,6,3,1,73,1,
57,15,20,15,1,7,3,1,18,3,3,1,34,1,36,39,75,21,15,6,3,1,74,1,
58,15,20,15,1,11,3,1,18,3,23,1,33,1,35,36,76,21,15,6,3,1,75,1,
59,15,20,15,1,11,3,1,18,3,15,1,36,1,38,44,77,21,15,6,3,1,76,1,
60,15,20,15,1,3,3,1,18,3,3,1,34,1,35,41,78,21,15,6,3,1,77,1,
61,15,20,15,1,7,3,1,18,3,1,1,34,1,36,40,79,21,15,6,3,1,78,1,
62,15,20,15,1,2,3,1,18,3,3,1,22,1,39,45,80,21,15,6,3,1,79,1,
63,15,21,15,1,5,3,1,19,3,3,2,33,1,34,37,81,21,15,6,3,1,80,1,
64,15,20,15,1,7,3,1,18,3,30,1,31,1,33,46,82,21,15,6,3,1,81,1,
65,15,20,15,1,2,3,1,18,3,1,1,33,1,35,39,83,21,15,6,3,1,82,1,
66,15,20,15,1,2,3,1,18,3,1,1,34,1,36,39,84,21,15,6,3,1,83,1,
67,15,20,15,1,2,3,1,18,3,20,1,34,1,36,46,85,21,15,6,3,1,84,1,
68,15,20,15,1,7,3,1,18,3,1,1,34,1,35,39,86,21,15,6,3,1,85,1,
69,15,20,15,1,2,3,1,18,3,23,1,34,1,36,36,87,21,15,6,3,1,77,1,
70,15,20,15,1,7,3,1,18,3,31,1,34,1,36,22,88,21,15,6,3,1,86,1,
71,15,20,15,1,2,3,1,18,3,3,1,35,1,37,46,89,21,15,6,3,1,87,1,
72,15,20,15,1,11,3,1,18,3,32,1,37,1,40,47,90,21,15,6,3,1,88,1,
73,15,20,15,1,2,3,1,18,3,1,1,35,1,37,41,91,21,15,6,3,1,89,1,
74,15,20,15,1,4,3,1,18,3,9,1,10,1,41,48,92,21,15,6,3,1,90,1,
75,15,20,15,1,2,3,1,18,3,1,1,34,1,36,40,93,21,15,6,3,1,91,1,
76,15,20,15,1,3,3,1,18,3,1,1,34,1,3,44,94,21,15,6,3,1,92,1,
77,15,20,15,1,8,3,1,18,3,1,1,31,1,36,40,95,21,15,6,3,1,93,1,
78,15,20,15,1,9,3,1,18,3,3,1,33,1,35,49,96,21,15,6,3,1,94,1,
79,15,20,15,1,8,3,1,18,3,1,1,33,1,35,39,97,21,15,6,3,1,95,1,
80,15,20,15,1,3,3,1,18,3,33,1,31,1,33,50,98,21,15,6,3,1,96,1,
81,15,20,15,1,11,3,1,18,3,4,8,34,1,40,22,99,21,15,6,3,1,97,1,
82,15,21,15,1,5,3,1,19,3,8,1,38,1,42,36,100,21,15,6,3,1,98,1,
83,15,20,15,1,10,3,1,18,3,17,1,35,1,37,43,101,21,15,6,3,1,99,1,
84,15,20,15,1,4,3,1,18,3,1,1,34,1,35,39,102,21,15,6,3,1,100,1,
85,15,20,15,1,8,3,1,18,3,21,1,39,1,26,9,103,21,15,6,3,1,101,1,
86,15,20,15,1,1,3,1,18,3,9,1,35,1,34,27,104,21,15,6,3,1,102,1,
87,15,20,15,1,7,3,1,18,3,23,1,34,1,36,43,105,21,15,6,3,1,69,1,
88,15,20,15,1,4,3,1,18,3,17,1,40,1,43,21,106,21,15,6,3,1,63,1,
89,15,20,15,1,8,3,1,18,3,4,1,31,1,33,50,107,21,15,6,3,1,103,1,
90,15,20,15,1,7,3,1,18,3,1,1,33,1,35,41,108,21,15,6,3,1,104,1,
91,15,20,15,1,3,3,1,18,3,17,1,33,1,37,43,109,21,15,6,3,1,105,1,
92,15,20,15,1,7,3,1,18,3,1,1,35,1,37,41,110,21,15,6,3,1,106,1,
93,15,20,15,1,7,3,1,18,3,1,1,31,1,33,40,111,21,15,6,3,1,107,1,
94,15,21,15,1,5,3,1,19,3,31,1,33,1,35,31,112,21,15,6,3,1,108,1,
95,15,20,15,1,7,3,1,18,3,1,1,35,1,37,41,113,21,15,6,3,1,109,1,
96,15,20,15,1,2,3,1,18,3,3,1,38,1,42,40,114,21,15,6,3,1,110,1,
97,15,20,15,1,4,3,1,18,3,34,1,33,1,37,51,115,21,15,6,3,1,111,1,
98,15,20,15,1,7,3,1,18,3,23,1,31,1,36,43,116,21,15,6,3,1,112,1,
99,15,20,15,1,9,3,1,18,3,7,1,35,1,34,37,117,21,15,6,3,1,113,1,
100,15,20,15,1,2,3,1,18,3,1,1,31,1,36,40,118,21,15,6,3,1,114,1,
101,15,20,15,1,2,3,1,18,3,1,1,34,1,36,39,119,21,15,6,3,1,115,1,
102,15,20,15,1,9,3,1,18,3,35,1,35,1,37,1,120,21,15,6,3,1,116,1,
103,15,20,15,1,2,3,1,18,3,6,1,34,1,36,38,121,21,15,6,3,1,80,1,
104,15,20,15,1,2,3,1,18,3,36,2,34,1,37,52,122,21,15,6,3,1,117,1,
105,15,20,15,1,2,3,1,18,3,23,1,5,1,44,27,123,21,15,6,3,1,118,1,
106,15,20,15,1,7,3,1,18,3,37,1,31,1,33,52,124,21,15,6,3,1,119,1,
107,15,21,15,1,5,3,1,19,3,1,1,34,1,36,40,125,21,15,6,3,1,120,1,
108,15,20,15,1,2,3,1,18,3,30,1,32,1,34,38,126,21,15,6,3,1,121,1,
109,15,20,15,1,2,3,1,18,3,1,1,32,1,34,49,127,21,15,6,3,1,122,1,
110,15,20,15,1,11,3,1,18,3,16,1,35,1,34,53,128,21,15,6,3,1,123,1,
111,15,20,15,1,2,3,1,18,3,31,1,32,1,34,54,129,21,15,6,3,1,124,1,
112,15,20,15,1,2,3,1,18,3,20,1,31,1,33,41,130,21,15,6,3,1,125,1,
113,15,20,15,1,7,3,1,18,3,20,1,31,1,33,49,131,21,15,6,3,1,126,1,
114,15,20,15,1,7,3,1,18,3,1,1,31,1,33,55,132,21,15,6,3,1,127,1,
115,15,20,15,1,7,3,1,18,3,3,1,35,1,37,49,133,21,15,6,3,1,128,1,
116,15,20,15,1,7,3,1,18,3,17,1,33,1,37,43,134,21,15,6,3,1,129,1,
117,15,20,15,1,7,3,1,18,3,20,1,34,1,35,37,135,21,15,6,3,1,130,1,
118,15,20,15,1,7,3,1,18,3,30,1,32,1,45,43,136,21,15,6,3,1,131,1,
119,15,20,15,1,2,3,1,18,3,1,1,35,1,37,41,137,21,15,6,3,1,132,1,
120,15,20,15,1,2,3,1,18,3,1,1,34,1,36,40,138,21,15,6,3,1,133,1,
121,15,20,15,1,7,3,1,18,3,7,1,31,1,33,41,139,21,15,6,3,1,134,1,
122,15,20,15,1,7,3,1,18,3,28,1,3,1,32,50,140,21,15,6,3,1,135,1,
123,15,20,15,1,2,3,1,18,3,38,1,32,1,34,56,141,21,15,6,3,1,106,1,
124,15,20,15,1,3,3,1,18,3,39,1,34,1,36,11,142,21,15,6,3,1,136,1,
125,15,20,15,1,2,3,1,18,3,15,1,34,1,36,57,143,21,15,6,3,1,133,1,
126,15,20,15,1,2,3,1,18,3,3,1,33,1,35,41,144,21,15,6,3,1,137,1,
127,15,20,15,1,2,3,1,18,3,1,1,35,1,37,41,145,21,15,6,3,1,138,1,
128,15,20,15,1,2,3,1,18,3,1,1,36,1,38,37,146,21,15,6,3,1,139,1,
129,15,20,15,1,2,3,1,18,3,1,1,34,1,36,39,147,14,15,6,3,1,140,1,
130,15,20,15,1,2,3,1,18,3,7,1,35,1,37,37,148,21,15,6,3,1,141,1,
131,15,20,15,1,11,3,1,18,3,3,1,23,1,46,36,149,21,15,6,3,1,142,1,
132,15,20,15,1,2,3,1,18,3,1,1,33,1,35,39,150,21,15,6,3,1,143,1,
133,15,20,15,1,9,3,1,18,3,1,1,33,1,35,39,151,21,15,6,3,1,144,1,
134,15,20,15,1,7,3,1,18,3,6,1,35,1,37,58,152,21,15,6,3,1,145,1,
135,15,20,15,1,11,3,1,18,3,40,1,31,1,33,51,153,21,15,6,3,1,146,1,
136,15,20,15,1,9,3,1,18,3,1,1,41,1,45,37,154,21,15,6,3,1,147,1,
137,15,20,15,1,7,3,1,18,3,4,1,35,1,37,44,155,21,15,6,3,1,148,1,
138,15,20,15,1,2,3,1,18,3,6,1,34,1,36,43,156,21,15,6,3,1,149,1,
139,15,20,15,1,7,3,1,18,3,6,1,31,1,33,38,157,21,15,6,3,1,150,1,
140,15,21,15,1,5,3,1,19,3,28,1,33,1,35,59,158,21,15,6,3,1,151,1,
141,15,20,15,1,9,3,1,18,3,41,1,31,1,33,60,159,21,15,6,3,1,108,1,
142,15,20,15,1,9,3,1,18,3,7,1,35,1,37,46,160,21,15,6,3,1,152,1,
143,15,20,15,1,3,3,1,18,3,42,1,32,1,34,61,161,21,15,6,3,1,74,1,
144,15,20,15,1,2,3,1,18,3,1,3,35,1,34,49,162,21,15,6,3,1,153,1,
145,15,20,15,1,11,3,1,18,3,15,1,31,1,33,42,163,21,15,6,3,1,154,1,
146,15,20,15,1,7,3,1,18,3,23,1,35,1,37,58,164,21,15,6,3,1,155,1,
147,15,20,15,1,3,3,1,18,3,1,1,34,1,36,40,165,21,15,6,3,1,156,1,
148,15,20,15,1,7,3,1,18,3,43,1,32,1,34,27,166,21,15,6,3,1,157,1,
149,15,20,15,1,2,3,1,18,3,1,1,34,1,36,40,167,21,15,6,3,1,158,1,
150,15,20,15,1,7,3,1,18,3,1,1,34,1,36,40,168,21,15,6,3,1,159,1,
151,15,20,15,1,2,3,1,18,3,1,1,34,1,36,40,169,21,15,6,3,1,160,1,
152,15,20,15,1,7,3,1,18,3,20,1,41,1,38,43,170,21,15,6,3,1,161,1,
153,15,20,15,1,7,3,1,18,3,28,1,32,1,34,36,171,21,15,6,3,1,162,1,
154,15,20,15,1,6,3,1,18,3,33,1,31,1,33,62,172,21,15,6,3,1,163,1,
155,15,20,15,1,12,3,1,18,3,3,1,32,1,34,46,173,21,15,6,3,1,164,1,
156,15,20,15,1,12,3,1,18,3,1,1,33,1,35,39,174,21,15,6,3,1,165,1,
157,15,20,15,1,12,3,1,18,3,1,1,34,1,36,40,175,21,15,6,3,1,166,1,
158,15,20,15,1,9,3,1,18,3,1,1,34,1,36,40,176,21,15,6,3,1,167,1,
159,15,20,15,1,9,3,1,18,3,1,1,35,1,37,49,177,21,15,6,3,1,168,1,
160,15,20,15,1,12,3,1,18,3,1,1,34,1,36,40,178,21,15,6,3,1,169,1,
161,15,20,15,1,6,3,1,18,3,23,1,32,1,34,63,179,21,15,6,3,1,101,1,
162,15,20,15,1,3,3,1,18,3,43,1,34,1,36,44,180,21,15,6,3,1,170,1,
163,15,20,15,1,10,3,1,18,3,6,1,32,1,34,63,181,21,15,6,3,1,171,1,
164,15,20,15,1,9,3,1,18,3,1,2,32,1,38,37,182,21,15,6,3,1,172,1,
165,15,20,15,1,9,3,1,18,3,1,1,31,1,33,40,183,21,15,6,3,1,173,1,
166,15,20,15,1,9,3,1,18,3,17,1,31,1,36,59,184,21,15,6,3,1,174,1,
167,15,20,15,1,6,3,1,18,3,21,1,32,1,34,42,185,21,15,6,3,1,175,1,
168,15,20,15,1,12,3,1,18,3,1,1,32,1,45,46,186,21,15,6,3,1,176,1,
169,15,20,15,1,12,3,1,18,3,1,1,34,1,36,40,187,21,15,6,3,1,177,1,
170,15,20,15,1,12,3,1,18,3,1,1,41,1,45,37,188,21,15,6,3,1,178,1,
171,15,20,15,1,6,3,1,18,3,35,1,31,1,36,50,189,21,15,6,3,1,179,1,
172,15,20,15,1,9,3,1,18,3,7,1,32,1,34,37,190,21,15,6,3,1,180,1,
173,15,20,15,1,3,3,1,18,3,1,8,5,1,1,1,191,21,15,6,3,1,181,1,
174,15,20,15,1,9,3,1,18,3,8,1,34,1,36,58,192,21,15,6,3,1,182,1,
175,15,20,15,1,12,3,1,18,3,3,1,32,1,34,46,193,21,15,6,3,1,183,1,
176,15,20,15,1,9,3,1,18,3,17,1,31,1,33,37,194,21,15,6,3,1,184,1,
177,15,20,15,1,9,3,1,18,3,1,1,32,1,34,49,195,21,15,6,3,1,185,1,
178,15,20,15,1,6,3,1,18,3,1,9,32,1,47,63,196,21,15,6,3,1,186,1,
179,15,20,15,1,4,3,1,18,3,30,1,32,1,34,38,197,21,15,6,3,1,187,1,
180,15,20,15,1,12,3,1,18,3,1,1,31,1,33,55,198,21,15,6,3,1,188,1,
181,15,20,15,1,12,3,1,18,3,3,1,35,1,37,49,199,21,15,6,3,1,189,1,
182,15,20,15,1,6,3,1,18,3,6,1,35,1,37,58,200,21,15,6,3,1,190,1,
183,15,20,15,1,6,3,1,18,3,1,1,34,1,36,40,201,21,15,6,3,1,191,1,
184,15,20,15,1,6,3,1,18,3,1,1,34,1,36,40,202,21,15,6,3,1,192,1,
185,15,20,15,1,3,3,1,18,3,15,1,34,1,36,57,203,21,15,6,3,1,193,1,
186,15,20,15,1,8,3,1,18,3,44,1,36,1,38,47,204,21,15,6,3,1,194,1,
187,15,20,15,1,12,3,1,18,3,21,1,34,1,36,36,205,21,15,6,3,1,195,1,
188,15,20,15,1,12,3,1,18,3,33,1,31,1,33,50,206,21,15,6,3,1,196,1,
189,15,20,15,1,3,3,1,18,3,45,1,31,1,33,30,207,21,15,6,3,1,171,1,
190,15,20,15,1,12,3,1,18,3,30,1,31,1,33,46,208,21,15,6,3,1,197,1,
191,15,20,15,1,10,3,1,18,3,13,1,36,1,38,9,209,21,15,6,3,1,198,1,
192,15,20,15,1,10,3,1,18,3,46,1,34,1,35,42,210,21,15,6,3,1,199,1,
193,15,20,15,1,12,3,1,18,3,1,1,31,1,33,55,211,21,15,6,3,1,200,1,
194,15,20,15,1,10,3,1,18,3,1,1,33,1,35,41,212,21,15,6,3,1,201,1,
195,15,20,15,1,10,3,1,18,3,7,1,33,1,35,46,213,21,15,6,3,1,202,1,
196,15,20,15,1,12,3,1,18,3,3,1,41,1,45,37,214,21,15,6,3,1,203,1,
197,15,20,15,1,10,3,1,18,3,1,1,20,1,24,9,215,21,15,6,3,1,204,1,
198,15,20,15,1,12,3,1,18,3,35,1,35,1,37,56,216,21,15,6,3,1,205,1,
199,15,20,15,1,10,3,1,18,3,31,1,31,1,33,64,217,21,15,6,3,1,206,1,
200,15,20,15,1,6,3,1,18,3,23,1,29,1,18,2,218,21,15,6,3,1,207,1,
201,15,20,15,1,10,3,1,18,3,1,1,32,1,45,46,219,21,15,6,3,1,177,1,
202,15,20,15,1,10,3,1,18,3,21,4,33,1,40,50,220,21,15,6,3,1,208,1,
203,15,20,15,1,12,3,1,18,3,17,1,32,1,34,58,221,21,15,6,3,1,209,1,
204,15,20,15,1,4,3,1,18,3,1,1,32,4,40,38,222,21,15,6,3,1,210,1,
205,15,20,15,1,10,3,1,18,3,17,1,34,1,36,38,223,21,15,6,3,1,196,1,
206,15,20,15,1,4,3,1,18,3,30,1,34,1,36,37,224,21,15,6,3,1,88,1,
207,15,20,15,1,4,3,1,18,3,1,1,34,1,36,39,225,21,15,6,3,1,211,1,
208,15,20,15,1,6,3,1,18,3,20,1,32,1,34,59,226,21,15,6,3,1,212,1,
209,15,20,15,1,4,3,1,18,3,17,1,31,1,36,59,227,21,15,6,3,1,146,1,
210,15,20,15,1,4,3,1,18,3,28,1,41,1,45,58,228,21,15,6,3,1,213,1,
211,15,20,15,1,12,3,1,18,3,47,1,35,1,37,65,229,21,15,6,3,1,214,1,
212,15,20,15,1,12,3,1,18,3,15,1,31,1,33,63,230,21,15,6,3,1,215,1,
213,15,20,15,1,6,3,1,18,3,1,1,31,1,36,40,231,21,15,6,3,1,216,1,
214,15,20,15,1,4,3,1,18,3,7,1,34,1,36,41,232,21,15,6,3,1,69,1,
215,15,20,15,1,12,3,1,18,3,1,1,33,1,35,39,233,21,15,6,3,1,217,1,
216,15,20,15,1,12,3,1,18,3,4,1,35,1,37,30,234,21,15,6,3,1,218,1,
217,15,20,15,1,4,3,1,18,3,30,1,32,1,34,38,235,21,15,6,3,1,219,1,
218,15,20,15,1,12,3,1,18,3,28,1,31,1,36,37,236,21,15,6,3,1,151,1,
219,15,20,15,1,12,3,1,18,3,3,1,1,1,1,30,237,21,15,6,3,1,220,1,
220,15,20,15,1,6,3,1,18,3,1,1,23,1,46,38,238,21,15,6,3,1,221,1,
221,15,20,15,1,4,3,1,18,3,7,1,34,1,36,49,239,21,15,6,3,1,222,1,
222,15,20,15,1,4,3,1,18,3,23,1,34,1,36,43,240,21,15,6,3,1,223,1,
223,15,20,15,1,10,3,1,18,3,20,1,36,1,38,36,241,21,15,6,3,1,224,1,
224,15,20,15,1,4,3,1,18,3,1,1,32,1,34,49,242,21,15,6,3,1,225,1,
225,15,20,15,1,4,3,1,18,3,1,1,33,1,37,41,243,21,15,6,3,1,226,1,
226,15,20,15,1,12,3,1,18,3,45,3,31,1,36,64,244,21,15,6,3,1,177,1,
227,15,20,15,1,12,3,1,18,3,48,1,37,1,40,47,245,21,15,6,3,1,227,1,
228,15,20,15,1,4,3,1,18,3,22,1,27,1,47,47,246,21,15,6,3,1,228,1,
229,15,20,15,1,10,3,1,18,3,38,1,33,1,37,56,247,21,15,6,3,1,229,1,
230,15,20,15,1,1,3,1,18,3,7,1,33,1,35,49,248,21,15,6,3,1,230,1,
231,15,20,15,1,4,3,1,18,3,8,1,32,1,34,57,249,21,15,6,3,1,231,1,
232,15,20,15,1,8,3,1,18,3,46,1,32,1,34,50,250,21,15,6,3,1,232,1,
233,15,20,15,1,12,3,1,18,3,30,1,33,1,37,59,251,21,15,6,3,1,233,1,
234,15,20,15,1,6,3,4,18,3,31,5,20,1,48,29,252,21,15,6,3,1,234,1,
235,15,20,15,1,12,3,1,18,3,28,1,32,1,34,36,253,21,15,6,3,1,235,1,
236,15,20,15,1,12,3,1,18,3,1,1,34,1,35,39,254,21,15,6,3,1,236,1,
237,15,20,15,1,6,3,1,18,3,1,1,33,1,35,39,255,21,15,6,3,1,237,1,
238,15,20,15,1,10,3,1,18,3,6,1,35,1,37,36,256,21,15,6,3,1,238,1,
239,15,20,15,1,6,3,1,18,3,41,1,34,1,36,3,257,21,15,6,3,1,239,1,
240,15,20,15,1,3,3,1,18,3,22,1,35,1,37,5,258,21,15,6,3,1,146,1,
241,15,20,15,1,12,3,1,18,3,49,1,31,1,33,66,259,21,15,6,3,1,183,1,
242,15,20,15,1,6,3,1,18,3,1,1,32,1,34,49,260,21,15,6,3,1,240,1,
243,15,20,15,1,4,3,1,18,3,50,1,34,1,36,31,261,21,15,6,3,1,241,1,
244,15,20,15,1,4,3,1,18,3,23,1,41,1,38,57,262,21,15,6,3,1,43,1,
245,15,20,15,1,4,3,1,18,3,4,1,32,1,34,64,263,21,15,6,3,1,242,1,
246,15,20,15,1,6,3,1,18,3,1,1,41,1,45,37,264,21,15,6,3,1,243,1,
247,15,20,15,1,4,3,1,18,3,1,1,35,1,37,41,265,21,15,6,3,1,244,1,
248,15,20,15,1,12,3,1,18,3,20,1,31,1,33,41,266,21,15,6,3,1,245,1,
249,15,20,15,1,4,3,1,18,3,30,1,33,1,37,59,267,21,15,6,3,1,246,1,
250,15,20,15,1,12,3,1,18,3,20,1,31,1,33,49,268,21,15,6,3,1,107,1,
251,15,20,15,1,4,3,1,18,3,4,1,33,1,35,44,269,21,15,6,3,1,204,1,
252,15,20,15,1,1,3,1,18,3,1,1,36,1,38,59,270,21,15,6,3,1,247,1,
253,15,20,15,1,1,3,1,18,3,28,1,36,1,38,58,271,21,15,6,3,1,248,1,
254,15,20,15,1,10,3,1,18,3,7,1,31,1,36,41,272,21,15,6,3,1,249,1,
255,15,20,15,1,8,3,1,18,3,36,5,35,1,38,51,273,21,15,6,3,1,119,1,
256,15,20,15,1,10,3,1,18,3,15,1,33,1,37,50,274,21,15,6,3,1,250,1,
257,15,20,15,1,10,3,1,18,3,20,1,31,1,33,49,275,21,15,6,3,1,150,1,
258,15,20,15,1,10,3,1,18,3,20,1,36,1,38,43,276,21,15,6,3,1,251,1,
259,15,20,15,1,8,3,1,18,3,33,1,41,1,38,64,277,21,15,6,3,1,252,1,
260,15,20,15,1,12,3,1,18,3,13,3,38,1,33,64,278,21,15,6,3,1,253,1,
261,15,20,15,1,6,3,1,18,3,40,1,32,1,45,67,279,21,15,6,3,1,254,1,
262,15,20,15,1,10,3,1,18,3,8,1,41,1,38,50,280,21,15,6,3,1,255,1,
263,15,20,15,1,12,3,1,18,3,3,1,7,1,41,50,281,21,15,6,3,1,256,1,
264,15,20,15,1,4,3,1,18,3,21,1,36,1,40,50,282,21,15,6,3,1,257,1,
265,15,20,15,1,6,3,1,18,3,51,1,35,1,34,68,283,21,15,6,3,1,152,1,
266,15,20,15,1,4,3,1,18,3,8,1,32,1,34,57,284,21,15,6,3,1,258,1,
267,15,20,15,1,4,3,1,18,3,46,1,31,1,33,63,285,21,15,6,3,1,259,1,
268,15,20,15,1,8,3,1,18,3,32,1,32,6,45,10,286,21,15,6,3,1,260,1,
269,15,20,15,1,6,3,1,18,3,7,1,32,1,34,37,287,21,15,6,3,1,261,1,
270,15,20,15,1,6,3,1,18,3,28,1,31,1,36,59,288,21,15,6,3,1,192,1,
271,15,20,15,1,4,3,1,18,3,1,1,34,1,36,40,289,21,15,6,3,1,262,1,
272,15,20,15,1,1,3,1,18,3,1,1,41,1,45,46,290,21,15,6,3,1,263,1,
273,15,20,15,1,8,3,1,18,3,52,1,35,1,37,6,291,21,15,6,3,1,264,1,
274,15,20,15,1,12,3,1,18,3,3,1,34,1,36,41,292,21,15,6,3,1,265,1,
275,15,20,15,1,1,3,1,18,3,1,1,41,1,38,37,293,21,15,6,3,1,266,1,
276,15,20,15,1,4,3,1,18,3,1,1,36,1,40,59,294,21,15,6,3,1,267,1,
277,15,20,15,1,8,3,1,18,3,1,5,35,1,38,59,295,21,15,6,3,1,268,1,
278,15,20,15,1,8,3,1,18,3,3,1,31,1,33,39,296,21,15,6,3,1,269,1,
279,15,20,15,1,8,3,1,18,3,53,1,32,1,34,24,297,21,15,6,3,1,270,1,
280,15,20,15,1,1,3,1,18,3,30,1,32,1,34,38,298,21,15,6,3,1,271,1,
281,15,20,15,1,1,3,1,18,3,1,1,32,1,34,49,299,21,15,6,3,1,272,1,
282,15,20,15,1,1,3,1,18,3,30,1,41,1,45,36,300,21,15,6,3,1,273,1,
283,15,20,15,1,10,3,1,18,3,23,1,35,1,37,58,301,21,15,6,3,1,155,1,
284,15,20,15,1,10,3,1,18,3,3,1,33,1,35,49,302,21,15,6,3,1,274,1,
285,15,20,15,1,8,3,1,18,3,1,1,34,1,36,40,303,21,15,6,3,1,174,1,
286,15,20,15,1,1,3,1,18,3,1,1,31,1,33,55,304,21,15,6,3,1,275,1,
287,15,20,15,1,10,3,1,18,3,17,1,31,1,33,37,305,21,15,6,3,1,182,1,
288,15,20,15,1,1,3,1,18,3,17,1,31,1,33,59,306,21,15,6,3,1,276,1,
289,15,20,15,1,1,3,1,18,3,1,1,32,1,34,49,307,21,15,6,3,1,277,1,
290,15,20,15,1,8,3,1,18,3,21,1,41,1,45,62,308,21,15,6,3,1,278,1,
291,15,20,15,1,4,3,1,18,3,7,1,34,1,36,41,309,21,15,6,3,1,279,1,
292,15,20,15,1,8,3,1,18,3,17,6,32,1,49,64,310,21,15,6,3,1,180,1,
293,15,20,15,1,12,3,1,18,3,30,8,35,1,50,42,311,21,15,6,3,1,280,1,
294,15,20,15,1,4,3,1,18,3,20,1,27,1,32,42,312,21,15,6,3,1,281,1,
295,15,20,15,1,8,3,1,18,3,45,1,34,1,36,30,313,21,15,6,3,1,282,1,
296,15,20,15,1,10,3,1,18,3,15,1,34,1,36,57,314,21,15,6,3,1,197,1,
297,15,20,15,1,1,3,1,18,3,1,1,7,1,49,57,315,21,15,6,3,1,283,1,
298,15,20,15,1,4,3,1,18,3,46,1,32,1,34,62,316,21,15,6,3,1,284,1,
299,15,20,15,1,6,3,1,18,3,54,2,13,1,41,69,317,21,15,6,3,1,285,1,
300,15,20,15,1,6,3,1,18,3,1,3,34,1,37,41,318,21,15,6,3,1,286,1,
301,15,20,15,1,8,3,1,18,3,21,1,32,1,34,42,319,21,15,6,3,1,287,1,
302,15,20,15,1,6,3,1,18,3,46,1,1,1,1,52,320,21,15,6,3,1,288,1,
303,15,20,15,1,10,3,1,18,3,31,1,37,1,40,7,321,21,15,6,3,1,289,1,
304,15,20,15,1,10,3,1,18,3,35,1,33,1,35,56,322,21,15,6,3,1,290,1,
305,15,20,15,1,1,3,1,18,3,8,1,31,1,33,58,323,21,15,6,3,1,126,1,
306,15,20,15,1,8,3,1,18,3,8,1,32,1,34,62,324,21,15,6,3,1,222,1,
307,15,20,15,1,1,3,1,18,3,20,1,41,1,45,43,325,21,15,6,3,1,291,1,
308,15,20,15,1,1,3,1,18,3,7,1,37,1,46,58,326,21,15,6,3,1,292,1,
309,15,20,15,1,1,3,1,18,3,30,1,31,1,36,46,327,21,15,6,3,1,293,1,
310,15,20,15,1,1,3,1,18,3,20,1,35,1,37,59,328,21,15,6,3,1,63,1,
311,15,20,15,1,8,3,1,18,3,17,3,35,1,34,36,329,21,15,6,3,1,294,1,
312,15,20,15,1,1,3,1,18,3,1,1,34,1,36,40,330,21,15,6,3,1,295,1,
313,15,20,15,1,1,3,1,18,3,43,7,33,1,32,7,331,21,15,6,3,1,296,1,
314,15,20,15,1,1,3,1,18,3,15,1,33,1,35,57,332,21,15,6,3,1,297,1,
315,15,20,15,1,1,3,1,18,3,20,1,31,1,33,49,333,21,15,6,3,1,298,1,
316,15,20,15,1,10,3,1,18,3,6,1,23,1,46,50,334,21,15,6,3,1,299,1,
317,15,20,15,1,10,3,1,18,3,23,1,19,1,51,30,335,21,15,6,3,1,300,1,
318,15,20,15,1,1,3,1,18,3,40,1,41,1,45,67,336,21,15,6,3,1,301,1,
319,15,20,15,1,8,3,1,18,3,7,1,27,1,32,42,337,21,15,6,3,1,302,1,
320,15,20,15,1,8,3,1,18,3,2,1,42,1,52,70,338,21,15,6,3,1,303,1,
321,15,20,15,1,10,3,1,18,3,45,1,33,1,35,27,339,21,15,6,3,1,304,1,
322,15,20,15,1,1,3,1,18,3,17,1,31,1,33,37,340,21,15,6,3,1,305,1,
323,15,20,15,1,8,3,1,18,3,55,3,34,1,37,71,341,21,15,6,3,1,195,1,
324,15,20,15,1,1,3,1,18,3,17,5,33,1,38,63,342,21,15,6,3,1,115,1,
325,15,20,15,1,1,3,1,18,3,1,1,32,1,34,72,343,21,15,6,3,1,306,1,
326,15,20,15,1,10,3,1,18,3,8,1,34,1,36,63,344,21,15,6,3,1,170,1,
327,15,20,15,1,6,3,1,18,3,20,1,41,1,45,43,345,21,15,6,3,1,307,1,
328,15,20,15,1,8,3,1,18,3,1,1,31,1,36,40,346,21,15,6,3,1,91,1,
329,15,20,15,1,1,3,1,18,3,4,1,33,1,35,44,347,21,15,6,3,1,308,1,
330,15,20,15,1,6,3,1,18,3,9,1,35,1,37,27,348,21,15,6,3,1,64,1,
331,15,20,15,1,8,3,1,18,3,16,1,34,1,35,54,349,21,15,6,3,1,309,1,
332,15,20,15,1,1,3,1,18,3,20,1,41,1,45,38,350,21,15,6,3,1,310,1,
333,15,20,15,1,8,3,1,18,3,56,3,31,1,36,73,351,21,15,6,3,1,105,1,
334,15,20,15,1,1,3,1,18,3,57,1,32,1,34,74,352,21,15,6,3,1,311,1,
335,15,20,15,1,6,3,1,18,3,13,1,34,1,36,64,353,21,15,6,3,1,312,1,
336,15,20,15,1,1,3,1,18,3,58,1,31,1,33,9,354,21,15,6,3,1,119,1,
337,15,20,15,1,8,3,1,18,3,20,1,34,1,36,46,355,21,15,6,3,1,313,1,
338,15,20,15,1,8,3,1,18,3,30,1,35,1,37,59,356,21,15,6,3,1,314,1,
339,15,20,15,1,1,3,1,18,3,58,1,34,1,36,9,357,21,15,6,3,1,156,1,
340,15,20,15,1,6,3,1,18,3,8,1,34,1,36,58,358,21,15,6,3,1,315,1,
341,15,20,15,1,1,3,1,18,3,1,1,35,1,37,41,359,21,15,6,3,1,316,1,
342,15,20,15,1,6,3,1,18,3,8,1,36,1,40,56,360,21,15,6,3,1,317,1,
343,15,20,15,1,10,3,1,18,3,38,1,5,1,44,9,361,21,15,6,3,1,318,1,
344,15,20,15,1,1,3,1,18,3,6,1,31,1,33,38,362,21,15,6,3,1,319,1,
345,15,20,15,1,1,3,1,18,3,28,1,35,1,37,43,363,21,15,6,3,1,320,1,
346,15,20,15,1,6,3,1,18,3,58,1,35,1,34,71,364,21,15,6,3,1,321,1,
347,15,20,15,1,9,3,1,18,3,1,1,33,1,35,39,365,21,15,6,3,1,43,1,
348,15,20,15,1,10,3,1,18,3,9,2,33,1,45,22,366,21,15,6,3,1,322,1,
349,15,20,15,1,10,3,1,18,3,38,11,34,1,50,22,367,21,15,6,3,1,323,1,
350,15,20,15,1,1,3,1,18,3,20,1,33,1,35,37,368,21,15,6,3,1,281,1,
351,15,20,15,1,10,3,1,18,3,15,1,32,1,45,1,369,21,15,6,3,1,324,1,
352,15,20,15,1,6,3,1,18,3,33,1,36,1,40,27,370,21,15,6,3,1,325,1,
353,15,21,15,1,5,3,1,19,3,16,1,31,1,33,22,371,21,15,6,3,1,326,1,
354,15,21,15,1,5,3,1,19,3,40,1,35,1,34,12,372,21,15,6,3,1,327,1,
355,15,20,15,1,11,3,1,18,3,30,1,34,1,36,37,373,21,15,6,3,1,328,1,
356,15,20,15,1,7,3,1,18,3,28,1,38,1,33,46,374,21,15,6,3,1,329,1,
357,15,20,15,1,11,3,1,18,3,59,1,33,1,35,9,375,21,15,6,3,1,330,1,
358,15,20,15,1,7,3,1,18,3,23,1,10,1,41,22,376,21,15,6,3,1,331,1,
359,15,20,15,1,7,3,1,18,3,20,9,32,1,32,57,377,21,15,6,3,1,332,1,
360,15,20,15,1,9,3,1,18,3,1,1,31,1,33,55,378,21,15,6,3,1,333,1,
361,15,20,15,1,9,3,1,18,3,31,9,38,1,38,53,379,21,15,6,3,1,334,1,
362,15,20,15,1,9,3,1,18,3,30,4,33,1,40,63,380,21,15,6,3,1,335,1,
363,15,20,15,1,9,3,1,18,3,4,1,34,1,35,44,381,21,15,6,3,1,336,1,
364,15,20,15,1,9,3,1,18,3,7,1,41,1,38,38,382,21,15,6,3,1,337,1,
365,15,20,15,1,11,3,1,18,3,7,1,34,1,36,49,383,21,15,6,3,1,297,1,
366,15,21,15,1,5,3,1,19,3,1,1,33,1,35,39,384,21,15,6,3,1,206,1,
367,15,20,15,1,9,3,1,18,3,21,1,23,1,46,1,385,21,15,6,3,1,338,1,
368,15,20,15,1,9,3,1,18,3,30,1,31,1,33,46,386,21,15,6,3,1,339,1,
369,15,20,15,1,3,3,1,18,3,36,1,34,1,36,7,387,21,15,6,3,1,340,1,
370,15,20,15,1,9,3,1,18,3,3,1,41,1,45,37,388,21,15,6,3,1,90,1,
371,15,20,15,1,9,3,1,18,3,7,2,34,1,34,37,389,21,15,6,3,1,341,1,
372,15,21,15,1,5,3,1,19,3,21,5,34,1,34,42,390,21,15,6,3,1,342,1,
373,15,21,15,1,5,3,1,19,3,1,1,31,1,36,40,391,21,15,6,3,1,193,1,
374,15,20,15,1,9,3,1,18,3,6,1,31,1,33,59,392,21,15,6,3,1,228,1,
375,15,21,15,1,5,3,1,19,3,6,1,34,1,35,43,393,21,15,6,3,1,343,1,
376,15,20,15,1,9,3,1,18,3,35,1,31,1,33,57,394,21,15,6,3,1,344,1,
377,15,21,15,1,5,3,1,19,3,51,3,41,1,38,75,395,21,15,6,3,1,345,1,
378,15,20,15,1,2,3,1,18,3,35,1,38,1,42,42,396,21,15,6,3,1,346,1,
379,15,20,15,1,9,3,1,18,3,6,1,32,1,34,58,397,21,15,6,3,1,347,1,
380,15,20,15,1,9,3,1,18,3,1,1,34,1,36,40,398,21,15,6,3,1,107,1,
381,15,20,15,1,2,3,1,18,3,46,1,34,1,35,42,399,21,15,6,3,1,226,1,
382,15,20,15,1,2,3,1,18,3,17,1,31,1,33,59,400,21,15,6,3,1,348,1,
383,15,20,15,1,3,3,1,18,3,28,1,31,1,36,37,401,21,15,6,3,1,348,1,
384,15,21,15,1,5,3,1,19,3,52,1,34,1,36,76,402,21,15,6,3,1,349,1,
385,15,20,15,1,3,3,1,18,3,28,2,33,1,34,43,403,21,15,6,3,1,230,1,
386,15,20,15,1,9,3,1,18,3,1,3,31,1,35,41,404,21,15,6,3,1,174,1,
387,15,20,15,1,9,3,1,18,3,20,1,33,1,35,46,405,21,15,6,3,1,350,1,
388,15,20,15,1,3,3,1,18,3,28,1,34,1,36,59,406,21,15,6,3,1,250,1,
389,15,20,15,1,9,3,1,18,3,1,1,36,1,38,37,407,21,15,6,3,1,351,1,
390,15,20,15,1,9,3,1,18,3,30,1,31,1,33,46,408,21,15,6,3,1,43,1,
391,15,20,15,1,9,3,1,18,3,38,1,35,1,37,56,409,21,15,6,3,1,352,1,
392,15,21,15,1,5,3,1,19,3,23,1,31,1,33,43,410,21,15,6,3,1,177,1,
393,15,20,15,1,9,3,1,18,3,1,1,33,1,35,39,411,21,15,6,3,1,353,1,
394,15,20,15,1,9,3,1,18,3,1,1,31,1,33,55,412,21,15,6,3,1,354,1,
395,15,20,15,1,9,3,1,18,3,7,1,35,1,37,37,413,21,15,6,3,1,355,1,
396,15,20,15,1,9,3,1,18,3,7,1,33,1,37,46,414,21,15,6,3,1,356,1,
397,15,20,15,1,9,3,1,18,3,1,1,34,1,36,39,415,21,15,6,3,1,357,1,
398,15,20,15,1,9,3,1,18,3,1,1,31,1,33,55,416,21,15,6,3,1,358,1,
399,15,20,15,1,10,3,1,18,3,1,1,33,1,37,41,417,21,15,6,3,1,359,1,
400,15,20,15,1,10,3,1,18,3,1,1,33,1,35,39,418,21,15,6,3,1,360,1,
401,15,20,15,1,9,3,1,18,3,35,1,34,1,35,50,419,21,15,6,3,1,361,1,
402,15,21,15,1,5,3,1,19,3,43,1,35,1,37,64,420,21,15,6,3,1,129,1,
403,15,20,15,1,2,3,1,18,3,7,1,33,1,35,46,421,21,15,6,3,1,362,1,
404,15,20,15,1,8,3,1,18,3,43,1,33,1,37,30,422,21,15,6,3,1,363,1,
405,15,20,15,1,2,3,1,18,3,7,1,37,1,40,36,423,21,15,6,3,1,364,1,
406,15,20,15,1,4,3,1,18,3,38,1,41,1,45,1,424,21,15,6,3,1,365,1,
407,15,20,15,1,4,3,1,18,3,3,1,32,1,34,46,425,21,15,6,3,1,366,1,
408,15,20,15,1,4,3,1,18,3,21,1,41,1,45,57,426,21,15,6,3,1,367,1,
409,15,20,15,1,2,3,1,18,3,1,1,35,1,34,49,427,21,15,6,3,1,368,1,
410,15,20,15,1,9,3,1,18,3,1,1,41,1,45,46,428,21,15,6,3,1,369,1,
411,15,20,15,1,2,3,1,18,3,37,1,34,1,36,71,429,21,15,6,3,1,370,1,
412,15,20,15,1,3,3,1,18,3,17,1,32,1,45,58,430,21,15,6,3,1,371,1,
413,15,20,15,1,4,3,1,18,3,28,1,37,1,40,63,431,21,15,6,3,1,147,1,
414,15,21,15,1,5,3,1,19,3,38,1,32,1,45,1,432,21,15,6,3,1,372,1,
415,15,20,15,1,12,3,1,18,3,33,1,34,1,36,56,433,21,15,6,3,1,373,1,
416,15,20,15,1,8,3,1,18,3,1,1,34,1,36,40,434,21,15,6,3,1,374,1,
417,15,20,15,1,10,3,1,18,3,30,1,35,1,37,38,435,21,15,6,3,1,375,1,
418,15,20,15,1,12,3,1,18,3,3,1,33,1,35,41,436,21,15,6,3,1,376,1,
419,15,21,15,1,5,3,1,19,3,23,1,37,1,40,50,437,21,15,6,3,1,377,1,
420,15,20,15,1,7,3,1,18,3,1,1,41,1,45,46,438,21,15,6,3,1,378,1,
421,15,20,15,1,1,3,1,18,3,7,1,32,1,34,59,439,21,15,6,3,1,379,1,
422,15,20,15,1,1,3,1,18,3,3,1,35,1,34,46,440,21,15,6,3,1,380,1,
423,15,20,15,1,8,3,1,18,3,30,1,33,1,37,59,441,21,15,6,3,1,145,1,
424,15,20,15,1,4,3,1,18,3,17,1,33,1,37,43,442,21,15,6,3,1,322,1,
425,15,20,15,1,2,3,1,18,3,1,1,35,1,37,41,443,21,15,6,3,1,331,1,
426,15,20,15,1,2,3,1,18,3,1,1,32,1,45,46,444,21,15,6,3,1,381,1,
427,15,20,15,1,9,3,1,18,3,1,1,34,1,36,39,445,21,15,6,3,1,382,1,
428,15,20,15,1,1,3,1,18,3,7,1,35,1,37,37,446,21,15,6,3,1,383,1,
429,15,20,15,1,10,3,1,18,3,1,1,35,1,37,49,447,21,15,6,3,1,1,1,
430,15,20,15,1,2,3,1,18,3,28,1,32,1,34,36,448,21,15,6,3,1,384,1,
431,15,20,15,1,10,3,1,18,3,1,1,33,1,37,41,449,21,15,6,3,1,385,1,
432,15,20,15,1,1,3,1,18,3,28,1,35,1,37,43,450,21,15,6,3,1,386,1,
433,15,20,15,1,8,3,1,18,3,1,1,32,1,45,46,451,21,15,6,3,1,387,1,
434,15,20,15,1,8,3,1,18,3,7,1,33,1,35,46,452,21,15,6,3,1,388,1,
435,15,20,15,1,7,3,1,18,3,8,1,41,1,38,50,453,21,15,6,3,1,389,1,
436,15,20,15,1,9,3,1,18,3,1,1,32,1,45,46,454,21,15,6,3,1,390,1,
437,15,20,15,1,7,3,1,18,3,1,1,33,1,35,41,455,21,15,6,3,1,391,1,
438,15,21,15,1,5,3,1,19,3,1,1,34,1,35,39,456,21,15,6,3,1,392,1,
439,15,20,15,1,9,3,1,18,3,3,1,32,1,34,46,457,21,15,6,3,1,393,1,
440,15,20,15,1,11,3,1,18,3,3,1,41,1,45,37,458,21,15,6,3,1,394,1,
441,15,20,15,1,2,3,1,18,3,30,1,35,1,34,38,459,21,15,6,3,1,221,1,
442,15,20,15,1,11,3,1,18,3,7,1,35,1,37,46,460,21,15,6,3,1,395,1,
443,15,20,15,1,11,3,1,18,3,30,1,36,1,38,58,461,21,15,6,3,1,396,1,
444,15,20,15,1,7,3,1,18,3,7,1,33,1,35,46,462,21,15,6,3,1,397,1,
445,15,20,15,1,2,3,1,18,3,1,1,35,1,37,41,463,21,15,6,3,1,398,1,
446,15,20,15,1,9,3,1,18,3,28,1,34,1,36,59,464,21,15,6,3,1,399,1,
447,15,20,15,1,9,3,1,18,3,1,1,35,1,37,41,465,21,15,6,3,1,400,1,
448,15,20,15,1,2,3,1,18,3,1,1,34,1,36,40,466,21,15,6,3,1,401,1,
449,15,20,15,1,7,3,1,18,3,1,1,33,1,35,39,467,21,15,6,3,1,402,1,
450,15,20,15,1,2,3,1,18,3,35,1,32,1,34,44,468,21,15,6,3,1,403,1,
451,15,20,15,1,7,3,1,18,3,1,3,41,1,38,37,469,21,15,6,3,1,404,1,
452,15,20,15,1,7,3,1,18,3,23,1,33,1,35,58,470,21,15,6,3,1,405,1,
453,15,20,15,1,2,3,1,18,3,7,1,35,1,34,37,471,21,15,6,3,1,406,1,
454,15,20,15,1,7,3,1,18,3,35,1,35,1,37,56,472,21,15,6,3,1,99,1,
455,15,20,15,1,2,3,1,18,3,32,1,33,1,35,67,473,21,15,6,3,1,407,1,
456,15,20,15,1,7,3,1,18,3,30,1,32,1,34,38,474,21,15,6,3,1,408,1,
457,15,20,15,1,7,3,1,18,3,7,1,35,1,34,59,475,21,15,6,3,1,267,1,
458,15,20,15,1,7,3,1,18,3,1,1,34,1,36,40,476,21,15,6,3,1,409,1,
459,15,20,15,1,7,3,1,18,3,20,1,35,1,37,59,477,21,15,6,3,1,410,1,
460,15,20,15,1,9,3,1,18,3,1,1,33,1,35,39,478,21,15,6,3,1,281,1,
461,15,20,15,1,3,3,1,18,3,20,1,35,1,34,59,479,21,15,6,3,1,411,1,
462,15,20,15,1,7,3,1,18,3,7,1,31,1,36,41,480,21,15,6,3,1,412,1,
463,15,20,15,1,11,3,1,18,3,1,1,5,1,44,42,481,21,15,6,3,1,413,1,
464,15,20,15,1,11,3,1,18,3,3,1,34,1,36,39,482,21,15,6,3,1,414,1,
465,15,20,15,1,7,3,1,18,3,3,1,35,1,37,46,483,21,15,6,3,1,415,1,
466,15,20,15,1,2,3,1,18,3,30,1,32,1,34,38,484,21,15,6,3,1,416,1,
467,15,20,15,1,9,3,1,18,3,1,5,34,1,34,49,485,21,15,6,3,1,417,1,
468,15,20,15,1,7,3,1,18,3,1,1,32,1,34,49,486,21,15,6,3,1,224,1,
469,15,20,15,1,11,3,1,18,3,6,1,33,1,35,36,487,21,15,6,3,1,418,1,
470,15,20,15,1,7,3,1,18,3,1,1,33,1,37,41,488,21,15,6,3,1,419,1,
471,15,20,15,1,9,3,1,18,3,30,1,35,1,34,38,489,21,15,6,3,1,307,1,
472,15,20,15,1,11,3,1,18,3,13,1,35,1,34,31,490,21,15,6,3,1,420,1,
473,15,20,15,1,7,3,1,18,3,30,1,33,1,35,59,491,21,15,6,3,1,421,1,
474,15,20,15,1,2,3,1,18,3,21,1,35,1,37,63,492,21,15,6,3,1,422,1,
475,15,20,15,1,9,3,1,18,3,23,1,35,1,34,63,493,21,15,6,3,1,423,1,
476,15,20,15,1,12,3,1,18,3,1,1,34,1,36,40,494,21,15,6,3,1,424,1,
477,15,20,15,1,6,3,1,18,3,1,1,35,1,37,41,495,21,15,6,3,1,425,1,
478,15,20,15,1,12,3,1,18,3,1,1,33,1,35,41,496,21,15,6,3,1,426,1,
479,15,20,15,1,3,3,1,18,3,38,1,33,1,37,50,497,21,15,6,3,1,427,1,
480,15,20,15,1,12,3,1,18,3,30,1,35,1,37,38,498,21,15,6,3,1,428,1,
481,15,20,15,1,3,3,1,18,3,52,1,34,1,35,76,499,21,15,6,3,1,429,1,
482,15,20,15,1,4,3,1,18,3,1,1,35,1,37,49,500,21,15,6,3,1,430,1,
483,15,20,15,1,10,3,1,18,3,1,1,33,1,35,39,501,21,15,6,3,1,431,1,
484,15,20,15,1,12,3,1,18,3,1,1,34,1,35,39,502,21,15,6,3,1,432,1,
485,15,20,15,1,6,3,1,18,3,4,1,33,1,37,44,503,21,15,6,3,1,433,1,
486,15,20,15,1,4,3,1,18,3,1,3,41,1,40,59,504,21,15,6,3,1,434,1,
487,15,20,15,1,12,3,1,18,3,15,1,35,1,37,62,505,21,15,6,3,1,435,1,
488,15,20,15,1,10,3,1,18,3,6,1,35,1,34,58,506,21,15,6,3,1,436,1,
489,15,20,15,1,6,3,1,18,3,1,3,35,1,34,49,507,21,15,6,3,1,437,1,
490,15,20,15,1,4,3,1,18,3,1,1,5,1,49,57,508,21,15,6,3,1,438,1,
491,15,20,15,1,8,3,1,18,3,16,1,37,1,40,77,509,21,15,6,3,1,201,1,
492,15,20,15,1,1,3,1,18,3,60,1,10,1,41,78,510,21,15,6,3,1,439,1,
493,15,20,15,1,12,3,1,18,3,31,1,33,1,35,31,511,21,15,6,3,1,440,1,
494,15,21,15,1,5,3,1,19,3,9,1,33,1,35,30,512,21,15,6,3,1,441,1,
495,15,20,15,1,1,3,1,18,3,20,1,41,1,45,43,513,21,15,6,3,1,442,1,
496,15,20,15,1,1,3,1,18,3,1,1,32,1,34,49,514,21,15,6,3,1,299,1,
497,15,20,15,1,8,3,1,18,3,8,1,32,1,34,57,515,21,15,6,3,1,443,1,
498,15,20,15,1,8,3,1,18,3,1,1,33,1,35,39,516,21,15,6,3,1,444,1,
499,15,20,15,1,6,3,1,18,3,35,1,36,1,38,30,517,21,15,6,3,1,99,1,
500,15,20,15,1,10,3,1,18,3,58,1,7,1,49,73,518,21,15,6,3,1,218,1,
501,15,20,15,1,10,3,1,18,3,20,3,35,1,45,38,519,21,15,6,3,1,287,1,
502,15,20,15,1,8,3,1,18,3,17,9,33,1,50,62,520,21,15,6,3,1,445,1,
503,15,20,15,1,1,3,1,18,3,20,1,32,1,34,59,521,21,15,6,3,1,446,1,
504,15,20,15,1,6,3,1,18,3,1,2,32,1,40,59,522,21,15,6,3,1,447,1,
505,15,20,15,1,4,3,1,18,3,15,1,32,1,34,56,523,21,15,6,3,1,448,1,
506,15,20,15,1,12,3,1,18,3,3,1,35,1,37,46,524,21,15,6,3,1,399,1,
507,15,20,15,1,12,3,1,18,3,20,1,41,1,38,43,525,21,15,6,3,1,449,1,
508,15,20,15,1,12,3,1,18,3,1,1,32,1,34,46,526,21,15,6,3,1,430,1,
509,15,20,15,1,1,3,1,18,3,7,1,33,1,37,46,527,21,15,6,3,1,233,1,
510,15,20,15,1,6,3,1,18,3,4,1,33,1,37,44,528,21,15,6,3,1,450,1,
511,15,20,15,1,3,3,1,18,3,31,1,32,1,45,9,529,21,15,6,3,1,451,1,
512,15,20,15,1,4,3,1,18,3,1,1,33,1,37,41,530,21,15,6,3,1,377,1,
513,15,20,15,1,6,3,1,18,3,1,1,32,1,34,49,531,21,15,6,3,1,389,1,
514,15,20,15,1,4,3,1,18,3,30,1,36,1,40,63,532,21,15,6,3,1,452,1,
515,15,20,15,1,4,3,1,18,3,1,1,37,1,40,59,533,21,15,6,3,1,453,1,
516,15,20,15,1,12,3,1,18,3,1,1,35,1,34,49,534,21,15,6,3,1,434,1,
517,15,20,15,1,12,3,1,18,3,61,1,34,1,36,76,535,21,15,6,3,1,454,1,
518,15,20,15,1,6,3,1,18,3,1,1,35,1,34,46,536,21,15,6,3,1,322,1,
519,15,20,15,1,3,3,1,18,3,16,5,33,1,45,52,537,21,15,6,3,1,455,1,
520,15,20,15,1,4,3,1,18,3,45,1,37,1,40,53,538,21,15,6,3,1,456,1,
521,15,20,15,1,9,3,1,18,3,1,1,33,1,34,49,539,21,15,6,3,1,457,1,
522,15,20,15,1,10,3,1,18,3,1,1,34,1,36,40,540,21,15,6,3,1,458,1,
523,15,20,15,1,12,3,1,18,3,1,1,33,1,37,41,541,21,15,6,3,1,459,1,
524,15,20,15,1,4,3,1,18,3,1,1,33,1,35,41,542,21,15,6,3,1,460,1,
525,15,20,15,1,12,3,1,18,3,1,1,37,1,40,59,543,21,15,6,3,1,461,1,
526,15,20,15,1,10,3,1,18,3,35,1,35,1,37,56,544,21,15,6,3,1,462,1,
527,15,20,15,1,3,3,1,18,3,17,1,34,1,36,59,545,21,15,6,3,1,463,1,
528,15,20,15,1,9,3,1,18,3,6,1,35,1,37,36,546,21,15,6,3,1,464,1,
529,15,20,15,1,9,3,1,18,3,36,1,35,1,37,52,547,21,15,6,3,1,465,1,
530,15,20,15,1,9,3,1,18,3,1,1,33,1,35,39,548,21,15,6,3,1,466,1,
531,15,20,15,1,6,3,1,18,3,8,1,32,1,34,62,549,21,15,6,3,1,444,1,
532,15,20,15,1,9,3,1,18,3,7,1,35,1,37,37,550,21,15,6,3,1,467,1,
533,15,20,15,1,1,3,1,18,3,1,1,34,1,36,39,551,21,15,6,3,1,468,1,
534,15,20,15,1,4,3,1,18,3,6,1,35,1,37,36,552,21,15,6,3,1,164,1,
535,15,20,15,1,4,3,1,18,3,6,1,32,1,34,58,553,21,15,6,3,1,469,1,
536,15,21,15,1,5,3,1,19,3,3,1,33,1,35,49,554,21,15,6,3,1,470,1,
537,15,20,15,1,8,3,1,18,3,7,1,35,1,37,46,555,21,15,6,3,1,471,1,
538,15,20,15,1,8,3,1,18,3,17,1,33,1,35,43,556,21,15,6,3,1,472,1,
539,15,20,15,1,8,3,1,18,3,62,1,35,1,34,21,557,21,15,6,3,1,180,1,
540,15,20,15,1,1,3,1,18,3,3,1,32,1,45,37,558,21,15,6,3,1,473,1,
541,15,20,15,1,6,3,1,18,3,1,1,35,1,37,41,559,21,15,6,3,1,474,1,
542,15,20,15,1,1,3,1,18,3,20,1,34,1,36,49,560,21,15,6,3,1,295,1,
543,15,20,15,1,1,3,1,18,3,1,1,34,1,36,40,561,21,15,6,3,1,475,1,
544,15,20,15,1,6,3,1,18,3,1,1,33,1,35,39,562,21,15,6,3,1,476,1,
545,15,20,15,1,8,3,1,18,3,20,1,34,1,35,46,563,21,15,6,3,1,477,1,
546,15,20,15,1,6,3,1,18,3,43,1,33,1,35,30,564,21,15,6,3,1,478,1,
547,15,20,15,1,4,3,1,18,3,6,1,32,1,34,58,565,21,15,6,3,1,347,1,
548,15,20,15,1,12,3,1,18,3,7,1,33,1,35,49,566,21,15,6,3,1,424,1,
549,15,20,15,1,8,3,1,18,3,13,11,5,1,5,79,567,21,15,6,3,1,479,1,
550,15,20,15,1,4,3,1,18,3,1,1,33,1,35,39,568,21,15,6,3,1,480,1,
551,15,20,15,1,8,3,1,18,3,33,1,33,1,35,1,569,21,15,6,3,1,481,1,
552,15,20,15,1,4,3,1,18,3,23,1,33,1,35,58,570,21,15,6,3,1,482,1,
553,15,20,15,1,1,3,1,18,3,28,1,35,1,37,38,571,21,15,6,3,1,447,1,
554,15,20,15,1,6,3,1,18,3,16,1,33,1,35,54,572,21,15,6,3,1,483,1,
555,15,20,15,1,12,3,1,18,3,28,1,35,1,37,43,573,21,15,6,3,1,372,1,
556,15,20,15,1,12,3,1,18,3,1,1,33,1,35,39,574,21,15,6,3,1,484,1,
557,15,20,15,1,4,3,1,18,3,1,9,35,1,50,43,575,21,15,6,3,1,485,1,
558,15,20,15,1,12,3,1,18,3,46,1,33,1,35,42,576,21,15,6,3,1,486,1,
559,15,20,15,1,12,3,1,18,3,30,1,35,1,37,38,577,21,15,6,3,1,424,1,
560,15,20,15,1,6,3,1,18,3,63,1,33,1,35,80,578,21,15,6,3,1,165,1,
561,15,20,15,1,12,3,1,18,3,1,1,35,1,37,41,579,21,15,6,3,1,272,1,
562,15,20,15,1,8,3,1,18,3,1,1,33,1,37,41,580,21,15,6,3,1,353,1,
563,15,21,15,1,11,3,1,19,3,1,1,36,1,38,37,581,21,15,6,3,1,487,1,
564,15,20,15,1,8,3,1,18,3,41,1,19,1,47,81,582,21,15,6,3,1,73,1,
565,15,20,15,1,6,3,1,18,3,20,1,33,1,35,37,583,21,15,6,3,1,488,1,
566,15,20,15,1,6,3,1,18,3,20,1,32,1,45,38,584,21,15,6,3,1,161,1,
567,15,20,15,1,1,3,1,18,3,1,3,41,1,38,37,585,21,15,6,3,1,489,1,
568,15,20,15,1,1,3,1,18,3,1,1,19,1,47,58,586,21,15,6,3,1,284,1,
569,15,21,15,1,5,3,1,19,3,38,1,33,1,35,50,587,21,15,6,3,1,490,1,
570,15,20,15,1,12,3,1,18,3,35,2,33,1,45,30,588,21,15,6,3,1,491,1,
571,15,20,15,1,10,3,1,18,3,4,1,34,1,36,56,589,21,15,6,3,1,492,1,
572,15,20,15,1,1,3,1,18,3,7,3,33,1,34,37,590,21,15,6,3,1,493,1,
573,15,20,15,1,1,3,1,18,3,1,1,33,1,35,39,591,21,15,6,3,1,251,1,
574,15,20,15,1,1,3,1,18,3,1,1,33,1,35,39,592,21,15,6,3,1,494,1,
575,15,20,15,1,1,3,1,18,3,13,1,37,1,46,7,593,21,15,6,3,1,495,1,
576,15,20,15,1,1,3,1,18,3,3,1,35,1,37,49,594,21,15,6,3,1,444,1,
577,15,21,15,1,5,3,1,19,3,58,1,23,1,46,48,595,21,15,6,3,1,496,1,
578,15,20,15,1,10,3,1,18,3,46,1,23,1,46,30,596,21,15,6,3,1,497,1,
579,15,20,15,1,1,3,1,18,3,7,1,34,1,36,41,597,21,15,6,3,1,239,1,
580,15,20,15,1,8,3,1,18,3,1,1,32,1,45,46,598,21,15,6,3,1,450,1,
581,15,20,15,1,6,3,1,18,3,1,1,37,1,46,38,599,21,15,6,3,1,498,1,
582,15,20,15,1,8,3,1,18,3,6,1,36,1,38,57,600,21,15,6,3,1,217,1,
583,15,20,15,1,6,3,1,18,3,1,3,34,1,37,41,601,21,15,6,3,1,499,1,
584,15,20,15,1,10,3,1,18,3,15,1,23,1,46,64,602,21,15,6,3,1,500,1,
585,15,20,15,1,6,3,1,18,3,1,1,32,1,34,49,603,21,15,6,3,1,383,1,
586,15,20,15,1,10,3,1,18,3,45,1,34,1,36,64,604,21,15,6,3,1,501,1,
587,15,20,15,1,6,3,1,18,3,1,1,34,1,44,42,605,21,15,6,3,1,502,1,
588,15,20,15,1,8,3,1,18,3,1,1,32,1,34,46,606,21,15,6,3,1,503,1,
589,15,21,15,1,5,3,1,19,3,7,1,33,1,35,46,607,21,15,6,3,1,353,1,
590,15,21,15,1,11,3,1,19,3,7,1,32,1,45,59,608,21,15,6,3,1,504,1,
591,15,21,15,1,5,3,1,19,3,1,1,37,1,53,45,609,21,15,6,3,1,505,1,
592,15,20,15,1,2,3,1,18,3,1,1,35,1,37,49,610,21,15,6,3,1,506,1,
593,15,20,15,1,11,3,1,18,3,1,1,32,1,34,46,611,21,15,6,3,1,507,1,
594,15,20,15,1,9,3,1,18,3,1,1,34,1,36,40,612,21,15,6,3,1,508,1,
595,15,20,15,1,3,3,1,18,3,4,1,34,1,35,1,613,21,15,6,3,1,509,1,
596,15,20,15,1,7,3,1,18,3,1,1,33,1,37,41,614,21,15,6,3,1,510,1,
597,15,20,15,1,2,3,1,18,3,7,1,33,1,37,37,615,21,15,6,3,1,511,1,
598,15,20,15,1,9,3,1,18,3,1,1,33,1,35,39,616,21,15,6,3,1,512,1,
599,15,20,15,1,9,3,1,18,3,1,1,41,1,45,46,617,21,15,6,3,1,513,1,
600,15,20,15,1,11,3,1,18,3,1,1,33,1,35,39,618,21,15,6,3,1,514,1,
601,15,20,15,1,2,3,1,18,3,1,1,34,1,36,40,619,21,15,6,3,1,515,1,
602,15,20,15,1,9,3,1,18,3,1,1,35,1,37,41,620,21,15,6,3,1,307,1,
603,15,20,15,1,3,3,1,18,3,7,1,33,1,35,46,621,21,15,6,3,1,516,1,
604,15,21,15,1,5,3,1,19,3,1,1,35,1,37,41,622,21,15,6,3,1,205,1,
605,15,20,15,1,9,3,1,18,3,64,1,37,1,40,82,623,21,15,6,3,1,517,1,
606,15,21,15,1,5,3,1,19,3,30,1,7,1,49,1,624,21,15,6,3,1,145,1,
607,15,20,15,1,11,3,1,18,3,7,1,33,1,35,46,625,21,15,6,3,1,518,1,
608,15,20,15,1,2,3,1,18,3,28,3,33,1,37,38,626,21,15,6,3,1,140,1,
609,15,20,15,1,7,3,1,18,3,15,1,41,1,45,1,627,21,15,6,3,1,254,1,
610,15,20,15,1,9,3,1,18,3,7,1,37,1,40,36,628,21,15,6,3,1,519,1,
611,15,20,15,1,11,3,1,18,3,28,1,35,1,34,43,629,21,15,6,3,1,520,1,
612,15,20,15,1,2,3,1,18,3,7,1,32,1,45,38,630,21,15,6,3,1,521,1,
613,15,20,15,1,3,3,1,18,3,51,1,37,1,40,83,631,21,15,6,3,1,522,1,
614,15,20,15,1,3,3,1,18,3,21,1,35,1,37,63,632,21,15,6,3,1,523,1,
615,15,20,15,1,3,3,1,18,3,1,1,35,1,37,49,633,21,15,6,3,1,524,1,
616,15,20,15,1,7,3,1,18,3,1,1,33,1,37,41,634,21,15,6,3,1,525,1,
617,15,20,15,1,11,3,1,18,3,1,1,32,1,45,46,635,21,15,6,3,1,490,1,
618,15,20,15,1,11,3,1,18,3,1,1,35,1,37,41,636,21,15,6,3,1,526,1,
619,15,20,15,1,3,3,1,18,3,65,1,35,1,37,84,637,21,15,6,3,1,527,1,
620,15,20,15,1,11,3,1,18,3,3,1,33,1,37,49,638,21,15,6,3,1,335,1,
621,15,21,15,1,5,3,1,19,3,1,1,34,1,36,39,639,21,15,6,3,1,458,1,
622,15,20,15,1,2,3,1,18,3,7,1,34,1,36,41,640,21,15,6,3,1,95,1,
623,15,20,15,1,3,3,1,18,3,1,3,33,1,37,41,641,21,15,6,3,1,521,1,
624,15,20,15,1,2,3,1,18,3,1,1,32,1,34,49,642,21,15,6,3,1,528,1,
625,15,20,15,1,2,3,1,18,3,1,1,33,1,35,41,643,21,15,6,3,1,529,1,
626,15,20,15,1,11,3,1,18,3,28,1,35,1,37,38,644,21,15,6,3,1,530,1,
627,15,20,15,1,7,3,1,18,3,1,1,33,1,35,39,645,21,15,6,3,1,152,1,
628,15,20,15,1,3,3,1,18,3,30,1,37,1,40,58,646,21,15,6,3,1,531,1,
629,15,20,15,1,3,3,1,18,3,28,1,33,1,35,59,647,21,15,6,3,1,532,1,
630,15,20,15,1,2,3,1,18,3,1,1,33,1,35,39,648,21,15,6,3,1,533,1,
631,15,20,15,1,9,3,1,18,3,23,1,33,1,35,58,649,21,15,6,3,1,534,1,
632,15,20,15,1,3,3,1,18,3,1,1,41,1,38,37,650,21,15,6,3,1,535,1,
633,15,21,15,1,5,3,1,19,3,20,1,35,1,37,59,651,21,15,6,3,1,536,1,
634,15,21,15,1,5,3,1,19,3,20,1,34,1,36,46,652,21,15,6,3,1,537,1,
635,15,20,15,1,10,3,1,18,3,46,12,33,1,51,31,653,21,15,6,3,1,538,1,
636,15,20,15,1,3,3,1,18,3,6,1,33,1,35,36,654,21,15,6,3,1,92,1,
637,15,20,15,1,9,3,1,18,3,1,1,34,1,36,40,655,21,15,6,3,1,286,1,
638,15,20,15,1,6,3,1,18,3,59,1,36,1,38,71,656,21,15,6,3,1,539,1,
639,15,20,15,1,9,3,1,18,3,7,1,34,1,36,41,657,21,15,6,3,1,228,1,
640,15,20,15,1,4,3,1,18,3,1,1,34,1,36,40,658,21,15,6,3,1,540,1,
641,15,20,15,1,4,3,1,18,3,58,1,34,1,35,53,659,21,15,6,3,1,541,1,
642,15,20,15,1,8,3,1,18,3,8,1,31,1,33,58,660,21,15,6,3,1,537,1,
643,15,20,15,1,7,3,1,18,3,13,1,5,1,44,48,661,21,15,6,3,1,542,1,
644,15,20,15,1,1,3,1,18,3,1,1,37,1,40,59,662,21,15,6,3,1,543,1,
645,15,20,15,1,10,3,1,18,3,6,9,7,1,23,53,663,21,15,6,3,1,83,1,
646,15,20,15,1,9,3,1,18,3,1,1,31,1,33,40,664,21,15,6,3,1,544,1,
647,15,20,15,1,7,3,1,18,3,55,1,31,1,33,53,665,21,15,6,3,1,230,1,
648,15,20,15,1,6,3,1,18,3,30,1,36,1,38,36,666,21,15,6,3,1,545,1,
649,15,21,15,1,5,3,1,19,3,1,1,31,1,33,55,667,21,15,6,3,1,546,1,
650,15,20,15,1,10,3,1,18,3,1,1,34,1,36,40,668,21,15,6,3,1,293,1,
651,15,20,15,1,4,3,1,18,3,3,1,33,1,35,41,669,21,15,6,3,1,547,1,
652,15,20,15,1,8,3,1,18,3,16,1,31,1,33,22,670,21,15,6,3,1,548,1,
653,15,20,15,1,1,3,1,18,3,1,1,34,1,36,40,671,21,15,6,3,1,151,1,
654,15,20,15,1,11,3,1,18,3,29,1,36,1,38,73,672,21,15,6,3,1,338,1,
655,15,21,15,1,5,3,1,19,3,1,1,34,1,36,39,673,21,15,6,3,1,549,1,
656,15,20,15,1,1,3,1,18,3,3,2,34,1,37,46,674,21,15,6,3,1,263,1,
657,15,20,15,1,7,3,1,18,3,8,1,41,1,38,50,675,21,15,6,3,1,550,1,
658,15,20,15,1,1,3,1,18,3,1,1,31,1,36,40,676,21,15,6,3,1,551,1,
659,15,20,15,1,12,3,1,18,3,33,1,34,1,36,56,677,21,15,6,3,1,552,1,
660,15,21,15,1,5,3,1,19,3,1,1,34,2,37,41,678,21,15,6,3,1,188,1,
661,15,20,15,1,10,3,1,18,3,66,1,34,1,36,81,679,21,15,6,3,1,553,1,
662,15,20,15,1,3,3,1,18,3,3,1,35,1,37,46,680,21,15,6,3,1,136,1,
663,15,20,15,1,7,3,1,18,3,46,1,31,1,33,58,681,21,15,6,3,1,554,1,
664,15,20,15,1,4,3,1,18,3,28,1,32,1,45,36,682,21,15,6,3,1,213,1,
665,15,20,15,1,7,3,1,18,3,28,1,34,1,36,37,683,21,15,6,3,1,555,1,
666,15,20,15,1,10,3,1,18,3,36,1,31,1,36,53,684,21,15,6,3,1,174,1,
667,15,20,15,1,7,3,1,18,3,21,1,31,1,36,36,685,21,15,6,3,1,103,1,
668,15,20,15,1,1,3,1,18,3,8,1,34,1,36,63,686,21,15,6,3,1,556,1,
669,15,20,15,1,2,3,1,18,3,46,1,35,1,37,57,687,21,15,6,3,1,557,1,
670,15,21,15,1,5,3,1,19,3,58,4,31,1,34,71,688,21,15,6,3,1,558,1,
671,15,20,15,1,11,3,1,18,3,64,1,31,1,36,3,689,21,15,6,3,1,559,1,
672,15,21,15,1,5,3,1,19,3,20,9,33,1,46,58,690,21,15,6,3,1,253,1,
673,15,20,15,1,7,3,1,18,3,6,1,31,1,33,38,691,21,15,6,3,1,560,1,
674,15,21,15,1,11,3,1,19,3,1,1,31,1,33,55,692,21,15,6,3,1,561,1,
675,15,20,15,1,1,3,1,18,3,1,1,35,1,37,41,693,21,15,6,3,1,562,1,
676,15,20,15,1,3,3,1,18,3,21,1,31,1,36,36,694,21,15,6,3,1,119,1,
677,15,21,15,1,5,3,1,19,3,5,1,41,1,45,18,695,21,15,6,3,1,563,1,
678,15,20,15,1,8,3,1,18,3,17,1,31,1,36,59,696,21,15,6,3,1,564,1,
679,15,21,15,1,5,3,1,19,3,21,1,35,1,37,63,697,21,15,6,3,1,414,1,
680,15,20,15,1,7,3,1,18,3,20,1,31,1,33,41,698,21,15,6,3,1,207,1,
681,15,20,15,1,1,3,1,18,3,1,1,34,1,36,25,699,21,15,6,3,1,565,1,
682,15,20,15,1,11,3,1,18,3,8,1,34,1,36,58,700,21,15,6,3,1,566,1,
683,15,20,15,1,7,3,1,18,3,3,1,34,1,35,49,701,21,15,6,3,1,567,1,
684,15,20,15,1,12,3,1,18,3,9,1,34,1,36,44,702,21,15,6,3,1,568,1,
685,15,20,15,1,1,3,1,18,3,17,1,33,1,35,43,703,21,15,6,3,1,569,1,
686,15,20,15,1,4,3,1,18,3,1,1,31,1,33,55,704,21,15,6,3,1,570,1,
687,15,20,15,1,8,3,1,18,3,50,1,36,1,38,7,705,21,15,6,3,1,571,1,
688,15,21,15,1,5,3,1,19,3,8,1,31,1,33,58,706,21,15,6,3,1,572,1,
689,15,20,15,1,8,3,1,18,3,28,1,31,1,36,37,707,21,15,6,3,1,81,1,
690,15,20,15,1,11,3,1,18,3,35,1,34,1,36,62,708,21,15,6,3,1,573,1,
691,15,20,15,1,6,3,1,18,3,43,1,31,1,36,44,709,21,15,6,3,1,88,1,
692,15,20,15,1,6,3,1,18,3,67,1,34,1,35,80,710,21,15,6,3,1,564,1,
693,15,21,15,1,5,3,1,19,3,20,1,31,1,33,49,711,21,15,6,3,1,156,1,
694,15,21,15,1,5,3,1,19,3,1,1,31,1,33,40,712,21,15,6,3,1,75,1,
695,15,20,15,1,4,3,1,18,3,20,1,31,1,33,49,713,21,15,6,3,1,574,1,
696,15,20,15,1,8,3,1,18,3,26,3,31,1,35,83,714,21,15,6,3,1,88,1,
697,15,21,15,1,5,3,1,19,3,10,1,33,1,35,85,715,21,15,6,3,1,575,1,
698,15,20,15,1,12,3,1,18,3,13,1,34,1,36,27,716,21,15,6,3,1,576,1,
699,15,20,15,1,4,3,1,18,3,33,1,31,1,33,50,717,21,15,6,3,1,577,1,
700,15,20,15,1,9,3,1,18,3,20,1,34,1,36,49,718,21,15,6,3,1,578,1,
701,15,20,15,1,12,3,1,18,3,46,1,34,1,36,63,719,21,15,6,3,1,579,1,
702,15,20,15,1,4,3,1,18,3,3,1,31,1,33,39,720,21,15,6,3,1,580,1,
703,15,20,15,1,4,3,1,18,3,30,1,34,1,36,37,721,21,15,6,3,1,581,1,
704,15,20,15,1,8,3,1,18,3,46,1,31,1,33,63,722,21,15,6,3,1,582,1,
705,15,20,15,1,2,3,1,18,3,1,1,36,1,38,37,723,21,15,6,3,1,583,1,
706,15,20,15,1,8,3,1,18,3,23,1,31,1,33,38,724,21,15,6,3,1,192,1,
707,15,20,15,1,4,3,1,18,3,15,1,34,1,36,42,725,21,15,6,3,1,220,1,
708,15,21,15,1,5,3,1,19,3,33,2,31,1,35,1,726,21,15,6,3,1,584,1,
709,15,20,15,1,1,3,1,18,3,59,1,34,1,36,54,727,21,15,6,3,1,585,1,
710,15,20,15,1,10,3,1,18,3,21,1,31,1,36,36,728,21,15,6,3,1,537,1,
711,15,20,15,1,12,3,1,18,3,17,1,34,1,36,59,729,21,15,6,3,1,279,1,
712,15,21,15,1,5,3,1,19,3,23,1,38,1,33,43,730,21,15,6,3,1,245,1,
713,15,20,15,1,4,3,1,18,3,8,1,31,1,33,58,731,21,15,6,3,1,540,1,
714,15,20,15,1,6,3,1,18,3,21,1,34,6,37,42,732,21,15,6,3,1,586,1,
715,15,20,15,1,1,3,1,18,3,1,1,34,1,36,40,733,21,15,6,3,1,587,1,
716,15,20,15,1,12,3,1,18,3,35,1,33,1,35,50,734,21,15,6,3,1,588,1,
717,15,20,15,1,12,3,1,18,3,1,1,34,1,36,40,735,21,15,6,3,1,211,1,
718,15,20,15,1,6,3,1,18,3,22,1,34,1,36,2,736,21,15,6,3,1,556,1,
719,15,20,15,1,8,3,1,18,3,1,1,34,1,36,40,737,21,15,6,3,1,537,1,
720,15,20,15,1,8,3,1,18,3,1,1,32,1,34,49,738,21,15,6,3,1,581,1,
721,15,20,15,1,11,3,1,18,3,1,1,38,1,42,86,739,21,15,6,3,1,589,1,
722,15,20,15,1,1,3,1,18,3,8,1,33,1,35,63,740,21,15,6,3,1,590,1,
723,15,20,15,1,6,3,1,18,3,21,1,34,1,36,36,741,21,15,6,3,1,591,1,
724,15,20,15,1,7,3,1,18,3,30,1,31,1,36,46,742,21,15,6,3,1,592,1,
725,15,20,15,1,4,3,1,18,3,35,9,34,1,40,64,743,21,15,6,3,1,593,1,
726,15,20,15,1,9,3,1,18,3,46,1,34,1,36,63,744,21,15,6,3,1,540,1,
727,15,20,15,1,9,3,1,18,3,1,1,34,1,36,39,745,21,15,6,3,1,264,1,
728,15,20,15,1,10,3,1,18,3,1,1,34,7,38,37,746,21,15,6,3,1,305,1,
729,15,20,15,1,11,3,1,18,3,15,2,35,1,38,1,747,21,15,6,3,1,594,1,
730,15,20,15,1,1,3,1,18,3,58,1,34,1,36,9,748,21,15,6,3,1,112,1,
731,15,20,15,1,9,3,1,18,3,1,1,33,1,35,41,749,21,15,6,3,1,595,1,
732,15,21,15,1,11,3,1,19,3,1,3,31,1,36,40,750,21,15,6,3,1,596,1,
733,15,20,15,1,10,3,1,18,3,6,1,34,1,36,38,751,21,15,6,3,1,146,1,
734,15,20,15,1,1,3,1,18,3,36,1,33,1,37,52,752,21,15,6,3,1,597,1,
735,15,20,15,1,6,3,1,18,3,28,1,34,1,35,59,753,21,15,6,3,1,264,1,
736,15,20,15,1,3,3,1,18,3,20,9,31,1,40,36,754,21,15,6,3,1,598,1,
737,15,20,15,1,6,3,1,18,3,17,1,34,1,36,59,755,21,15,6,3,1,599,1,
738,15,20,15,1,1,3,1,18,3,5,1,7,1,49,74,756,21,15,6,3,1,600,1,
739,15,20,15,1,8,3,1,18,3,45,1,34,1,36,64,757,21,15,6,3,1,601,1,
740,15,20,15,1,4,3,1,18,3,17,1,34,1,36,38,758,21,15,6,3,1,188,1,
741,15,20,15,1,8,3,1,18,3,46,1,34,1,36,63,759,21,15,6,3,1,177,1,
742,15,20,15,1,6,3,1,18,3,2,1,34,1,36,71,760,21,15,6,3,1,296,1,
743,15,20,15,1,6,3,1,18,3,1,1,34,1,35,39,761,21,15,6,3,1,602,1,
744,15,21,15,1,5,3,1,19,3,30,2,38,1,35,37,762,21,15,6,3,1,603,1,
745,15,20,15,1,3,3,1,18,3,8,1,31,1,33,36,763,21,15,6,3,1,163,1,
746,15,20,15,1,11,3,1,18,3,1,1,34,1,36,40,764,21,15,6,3,1,173,1,
747,15,20,15,1,10,3,1,18,3,17,3,32,1,45,63,765,21,15,6,3,1,542,1,
748,15,20,15,1,11,3,1,18,3,23,1,37,1,46,50,766,21,15,6,3,1,66,1,
749,15,20,15,1,10,3,1,18,3,35,1,31,1,33,62,767,21,15,6,3,1,604,1,
750,15,21,15,1,11,3,1,19,3,1,1,31,1,33,55,768,21,15,6,3,1,605,1,
751,15,20,15,1,8,3,1,18,3,1,1,34,1,36,40,769,21,15,6,3,1,69,1,
752,15,20,15,1,4,3,1,18,3,20,1,33,1,35,37,770,21,15,6,3,1,285,1,
753,15,20,15,1,11,3,1,18,3,1,1,31,1,36,40,771,21,15,6,3,1,606,1,
754,15,20,15,1,11,3,1,18,3,17,1,31,1,33,59,772,21,15,6,3,1,559,1,
755,15,20,15,1,9,3,1,18,3,1,1,35,1,37,41,773,21,15,6,3,1,239,1,
756,15,20,15,1,2,3,1,18,3,23,1,34,1,36,43,774,21,15,6,3,1,607,1,
757,15,20,15,1,2,3,1,18,3,17,1,31,1,33,37,775,21,15,6,3,1,598,1,
758,15,20,15,1,9,3,1,18,3,68,1,31,1,33,87,776,21,15,6,3,1,608,1,
759,15,20,15,1,6,3,1,18,3,1,1,34,1,36,40,777,21,15,6,3,1,609,1,
760,15,20,15,1,2,3,1,18,3,1,1,34,1,36,40,778,21,15,6,3,1,567,1,
761,15,20,15,1,3,3,1,18,3,55,2,31,1,37,77,779,21,15,6,3,1,610,1,
762,15,20,15,1,2,3,1,18,3,1,1,35,1,37,41,780,21,15,6,3,1,611,1,
763,15,20,15,1,11,3,1,18,3,35,1,33,1,35,50,781,21,15,6,3,1,612,1,
764,15,20,15,1,4,3,1,18,3,28,1,31,1,33,37,782,21,15,6,3,1,613,1,
765,15,20,15,1,3,3,1,18,3,1,5,34,1,45,46,783,21,15,6,3,1,608,1,
766,15,20,15,1,9,3,1,18,3,1,1,31,1,33,55,784,21,15,6,3,1,614,1,
767,15,20,15,1,10,3,1,18,3,43,1,3,1,32,7,785,21,15,6,3,1,298,1,
768,15,20,15,1,6,3,1,18,3,1,1,31,1,33,55,786,21,15,6,3,1,228,1,
769,15,20,15,1,4,3,1,18,3,9,1,31,1,33,44,787,21,15,6,3,1,615,1,
770,15,20,15,1,12,3,1,18,3,31,1,32,1,34,54,788,21,15,6,3,1,616,1,
771,15,20,15,1,2,3,1,18,3,21,1,33,1,37,63,789,21,15,6,3,1,192,1,
772,15,20,15,1,3,3,1,18,3,1,1,34,1,35,39,790,21,15,6,3,1,617,1,
773,15,20,15,1,2,3,1,18,3,28,1,34,1,36,37,791,21,15,6,3,1,618,1,
774,15,20,15,1,10,3,1,18,3,40,1,34,1,36,51,792,21,15,6,3,1,619,1,
775,15,20,15,1,4,3,1,18,3,1,1,31,1,36,40,793,21,15,6,3,1,549,1,
776,15,20,15,1,9,3,1,18,3,30,1,31,1,36,37,794,21,15,6,3,1,566,1,
777,15,20,15,1,12,3,1,18,3,3,1,34,1,36,39,795,21,15,6,3,1,144,1,
778,15,20,15,1,9,3,1,18,3,1,1,33,1,37,41,796,21,15,6,3,1,264,1,
779,15,20,15,1,3,3,1,18,3,30,2,31,1,37,59,797,21,15,6,3,1,127,1,
780,15,20,15,1,9,3,1,18,3,1,3,31,1,35,39,798,21,15,6,3,1,263,1,
781,15,20,15,1,10,3,1,18,3,33,1,31,1,33,62,799,21,15,6,3,1,620,1,
782,15,20,15,1,3,3,1,18,3,8,9,34,1,46,44,800,21,15,6,3,1,606,1,
783,15,20,15,1,9,3,1,18,3,1,1,34,1,35,41,801,21,15,6,3,1,275,1,
784,15,20,15,1,12,3,1,18,3,1,1,31,1,33,55,802,21,15,6,3,1,88,1,
785,15,20,15,1,9,3,1,18,3,38,1,34,1,35,62,803,21,15,6,3,1,537,1,
786,15,20,15,1,2,3,1,18,3,38,1,34,1,36,62,804,21,15,6,3,1,177,1,
787,15,20,15,1,9,3,1,18,3,3,3,34,1,35,49,805,21,15,6,3,1,120,1,
788,15,20,15,1,11,3,1,18,3,1,1,34,1,36,40,806,21,15,6,3,1,546,1,
789,15,20,15,1,3,3,1,18,3,23,1,34,1,36,36,807,21,15,6,3,1,621,1,
790,15,20,15,1,7,3,1,18,3,20,1,31,1,36,46,808,21,15,6,3,1,586,1,
791,15,20,15,1,11,3,1,18,3,17,1,35,1,37,36,809,21,15,6,3,1,151,1,
792,15,21,15,1,5,3,1,19,3,1,1,31,1,33,55,810,21,15,6,3,1,622,1,
793,15,20,15,1,4,3,1,18,3,35,1,34,1,36,50,811,21,15,6,3,1,623,1,
794,15,20,15,1,9,3,1,18,3,69,1,35,1,37,88,812,21,15,6,3,1,66,1,
795,15,20,15,1,12,3,1,18,3,20,1,34,1,36,49,813,21,15,6,3,1,103,1,
796,15,20,15,1,10,3,1,18,3,1,1,33,1,35,39,814,21,15,6,3,1,169,1,
797,15,20,15,1,9,3,1,18,3,43,1,31,1,36,1,815,21,15,6,3,1,563,1,
798,15,20,15,1,6,3,1,18,3,28,1,34,1,36,59,816,21,15,6,3,1,170,1,
799,15,20,15,1,6,3,1,18,3,52,1,34,1,36,4,817,21,15,6,3,1,564,1,
800,15,20,15,1,12,3,1,18,3,1,1,41,1,45,46,818,21,15,6,3,1,169,1,
801,15,20,15,1,7,3,1,18,3,3,1,34,1,36,41,819,21,15,6,3,1,624,1,
802,15,20,15,1,9,3,1,18,3,7,1,31,1,33,39,820,21,15,6,3,1,625,1,
803,15,20,15,1,10,3,1,18,3,58,1,34,1,36,53,821,21,15,6,3,1,195,1,
804,15,20,15,1,11,3,1,18,3,1,1,34,1,36,40,822,21,15,6,3,1,626,1,
805,15,20,15,1,9,3,1,18,3,1,1,34,1,36,40,823,21,15,6,3,1,555,1,
806,15,20,15,1,2,3,1,18,3,1,1,31,1,36,40,824,21,15,6,3,1,627,1,
807,15,20,15,1,4,3,1,18,3,21,1,33,1,35,58,825,21,15,6,3,1,628,1,
808,15,20,15,1,11,3,1,18,3,1,1,31,1,36,40,826,21,15,6,3,1,262,1,
809,15,20,15,1,11,3,1,18,3,23,1,31,1,33,38,827,21,15,6,3,1,603,1,
810,15,20,15,1,12,3,1,18,3,1,1,35,1,37,49,828,21,15,6,3,1,250,1,
811,15,20,15,1,9,3,1,18,3,3,1,31,1,33,39,829,21,15,6,3,1,629,1,
812,15,20,15,1,6,3,1,18,3,1,5,34,1,45,46,830,21,15,6,3,1,286,1,
813,15,20,15,1,2,3,1,18,3,30,1,33,1,35,37,831,21,15,6,3,1,182,1,
814,15,20,15,1,8,3,1,18,3,21,1,13,1,51,64,832,21,15,6,3,1,93,1,
815,15,20,15,1,3,3,1,18,3,70,1,34,1,36,79,833,21,15,6,3,1,630,1,
816,15,20,15,1,3,3,1,18,3,28,1,31,1,36,37,834,21,15,6,3,1,631,1,
817,15,20,15,1,12,3,1,18,3,21,1,33,1,37,42,835,21,15,6,3,1,632,1,
818,15,20,15,1,7,3,1,18,3,50,1,31,1,33,22,836,21,15,6,3,1,547,1,
819,15,20,15,1,10,3,1,18,3,33,1,34,1,36,56,837,21,15,6,3,1,288,1,
820,15,20,15,1,12,3,1,18,3,1,1,35,1,37,41,838,21,15,6,3,1,216,1,
821,15,20,15,1,2,3,1,18,3,1,1,34,1,36,40,839,21,15,6,3,1,269,1,
822,15,20,15,1,1,3,1,18,3,3,1,34,1,36,39,840,21,15,6,3,1,633,1,
823,15,20,15,1,3,3,1,18,3,71,1,34,1,35,89,841,21,15,6,3,1,97,1,
824,15,20,15,1,12,3,1,18,3,1,1,33,1,35,39,842,21,15,6,3,1,76,1,
825,15,20,15,1,9,3,1,18,3,1,1,34,1,36,40,843,21,15,6,3,1,86,1,
826,15,20,15,1,3,3,1,18,3,1,1,33,1,35,39,844,21,15,6,3,1,279,1,
827,15,20,15,1,12,3,1,18,3,35,1,34,1,36,50,845,21,15,6,3,1,197,1,
828,15,20,15,1,1,3,1,18,3,8,1,32,1,34,62,846,21,15,6,3,1,197,1,
829,15,20,15,1,2,3,1,18,3,1,1,31,1,36,40,847,21,15,6,3,1,592,1,
830,15,20,15,1,3,3,1,18,3,40,1,31,1,33,2,848,21,15,6,3,1,634,1,
831,15,20,15,1,6,3,1,18,3,3,1,34,1,36,39,849,21,15,6,3,1,111,1,
832,15,20,15,1,11,3,1,18,3,3,1,33,1,35,41,850,21,15,6,3,1,635,1,
833,15,20,15,1,12,3,1,18,3,28,1,34,1,36,59,851,21,15,6,3,1,590,1,
834,15,20,15,1,4,3,1,18,3,1,1,33,1,35,39,852,21,15,6,3,1,151,1,
835,15,20,15,1,10,3,1,18,3,33,9,31,1,38,27,853,21,15,6,3,1,163,1,
836,15,20,15,1,2,3,1,18,3,1,1,34,1,36,40,854,21,15,6,3,1,313,1,
837,15,20,15,1,2,3,1,18,3,45,1,34,1,36,64,855,21,15,6,3,1,636,1,
838,15,20,15,1,8,3,1,18,3,1,1,32,1,45,46,856,21,15,6,3,1,637,1,
839,15,20,15,1,8,3,1,18,3,15,1,35,1,37,62,857,21,15,6,3,1,638,1,
840,15,20,15,1,10,3,1,18,3,20,1,39,5,6,31,858,21,15,6,3,1,165,1,
841,15,20,15,1,6,3,1,18,3,7,1,33,1,35,46,859,21,15,6,3,1,639,1,
842,15,20,15,1,1,3,1,18,3,1,1,33,1,35,39,860,21,15,6,3,1,145,1,
843,15,21,15,1,11,3,1,19,3,3,1,34,1,35,49,861,21,15,6,3,1,511,1,
844,15,20,15,1,4,3,1,18,3,30,1,33,1,35,37,862,21,15,6,3,1,640,1,
845,15,20,15,1,4,3,1,18,3,4,1,35,1,34,30,863,21,15,6,3,1,641,1,
846,15,20,15,1,6,3,1,18,3,1,1,35,1,37,41,864,21,15,6,3,1,642,1,
847,15,20,15,1,4,3,1,18,3,28,1,32,1,23,54,865,21,15,6,3,1,643,1,
848,15,20,15,1,9,3,1,18,3,35,1,43,1,54,90,866,21,15,6,3,1,378,1,
849,15,20,15,1,3,3,1,18,3,21,1,33,1,35,58,867,21,15,6,3,1,644,1,
850,15,20,15,1,12,3,1,18,3,17,1,33,1,37,43,868,21,15,6,3,1,645,1,
851,15,20,15,1,6,3,1,18,3,1,1,34,1,35,39,869,21,15,6,3,1,646,1,
852,15,20,15,1,9,3,1,18,3,3,1,33,1,35,49,870,21,15,6,3,1,395,1,
853,15,20,15,1,11,3,1,18,3,3,1,37,1,46,43,871,21,15,6,3,1,647,1,
854,15,20,15,1,4,3,1,18,3,7,1,32,1,34,37,872,21,15,6,3,1,648,1,
855,15,20,15,1,6,3,1,18,3,1,1,41,1,45,46,873,21,15,6,3,1,649,1,
856,15,20,15,1,1,3,1,18,3,44,1,34,1,36,11,874,21,15,6,3,1,650,1,
857,15,20,15,1,4,3,1,18,3,1,1,33,1,35,39,875,21,15,6,3,1,651,1,
858,15,21,15,1,5,3,1,19,3,1,1,32,1,34,49,876,21,15,6,3,1,372,1,
859,15,20,15,1,10,3,1,18,3,1,1,23,1,46,43,877,21,15,6,3,1,444,1,
860,15,20,15,1,9,3,1,18,3,1,1,33,1,37,41,878,21,15,6,3,1,400,1,
861,15,21,15,1,5,3,1,19,3,38,1,3,1,50,22,879,21,15,6,3,1,652,1,
862,15,20,15,1,4,3,1,18,3,1,1,33,1,35,39,880,21,15,6,3,1,480,1,
863,15,20,15,1,12,3,1,18,3,1,1,34,1,36,40,881,21,15,6,3,1,320,1,
864,15,20,15,1,10,3,1,18,3,43,1,23,1,46,54,882,21,15,6,3,1,284,1,
865,15,20,15,1,12,3,1,18,3,1,3,41,1,38,59,883,21,15,6,3,1,653,1,
866,15,20,15,1,8,3,1,18,3,17,1,32,1,45,58,884,21,15,6,3,1,233,1,
867,15,20,15,1,6,3,1,18,3,49,1,35,1,34,29,885,21,15,6,3,1,654,1,
868,15,20,15,1,12,3,1,18,3,7,1,41,1,45,38,886,21,15,6,3,1,655,1,
869,15,20,15,1,10,3,1,18,3,46,1,35,1,34,62,887,21,15,6,3,1,656,1,
870,15,20,15,1,6,3,1,18,3,1,1,41,1,45,37,888,21,15,6,3,1,657,1,
871,15,20,15,1,11,3,1,18,3,7,1,34,1,36,49,889,21,15,6,3,1,469,1,
872,15,20,15,1,3,3,1,18,3,39,1,32,1,34,47,890,21,15,6,3,1,658,1,
873,15,20,15,1,6,3,1,18,3,1,1,35,1,34,49,891,21,15,6,3,1,659,1,
874,15,20,15,1,4,3,1,18,3,7,1,35,1,37,37,892,21,15,6,3,1,229,1,
875,15,20,15,1,12,3,1,18,3,64,1,36,1,38,74,893,21,15,6,3,1,359,1,
876,15,20,15,1,12,3,1,18,3,68,1,34,1,36,28,894,21,15,6,3,1,548,1,
877,15,20,15,1,12,3,1,18,3,3,1,32,1,34,46,895,21,15,6,3,1,660,1,
878,15,21,15,1,5,3,1,19,3,20,1,33,1,37,37,896,21,15,6,3,1,661,1,
879,15,20,15,1,6,3,1,18,3,22,1,32,4,40,10,897,21,15,6,3,1,662,1,
880,15,20,15,1,2,3,1,18,3,3,1,33,1,35,41,898,21,15,6,3,1,499,1,
881,15,20,15,1,6,3,1,18,3,23,1,35,1,37,63,899,21,15,6,3,1,663,1,
882,15,20,15,1,4,3,1,18,3,1,2,35,1,38,37,900,21,15,6,3,1,664,1,
883,15,20,15,1,6,3,1,18,3,33,3,32,1,38,64,901,21,15,6,3,1,665,1,
884,15,20,15,1,11,3,1,18,3,20,1,32,1,34,59,902,21,15,6,3,1,504,1,
885,15,20,15,1,12,3,1,18,3,1,1,33,1,35,39,903,21,15,6,3,1,666,1,
886,15,20,15,1,3,3,1,18,3,43,1,35,1,55,84,904,21,15,6,3,1,442,1,
887,15,20,15,1,4,3,1,18,3,1,1,32,1,34,49,905,21,15,6,3,1,667,1,
888,15,20,15,1,8,3,1,18,3,72,1,35,1,34,91,906,21,15,6,3,1,668,1,
889,15,20,15,1,12,3,1,18,3,23,1,33,1,35,36,907,21,15,6,3,1,669,1,
890,15,21,15,1,5,3,1,19,3,8,1,37,1,40,1,908,21,15,6,3,1,670,1,
891,15,21,15,1,5,3,1,19,3,43,1,32,1,34,64,909,21,15,6,3,1,335,1,
892,15,20,15,1,10,3,1,18,3,34,1,34,1,36,2,910,21,15,6,3,1,648,1,
893,15,21,15,1,5,3,1,19,3,35,1,33,1,35,50,911,21,15,6,3,1,671,1,
894,15,20,15,1,8,3,1,18,3,38,1,33,1,35,50,912,21,15,6,3,1,672,1,
895,15,20,15,1,6,3,1,18,3,3,5,33,1,45,59,913,21,15,6,3,1,214,1,
896,15,20,15,1,6,3,1,18,3,1,1,32,1,34,49,914,21,15,6,3,1,673,1,
897,15,20,15,1,1,3,1,18,3,64,3,44,1,56,92,915,21,15,6,3,1,674,1,
898,15,20,15,1,1,3,1,18,3,30,1,34,1,35,37,916,21,15,6,3,1,403,1,
899,15,21,15,1,5,3,1,19,3,21,1,45,1,48,67,917,21,15,6,3,1,387,1,
900,15,20,15,1,1,3,1,18,3,20,1,35,1,37,59,918,21,15,6,3,1,229,1,
901,15,20,15,1,10,3,1,18,3,1,1,33,1,35,39,919,21,15,6,3,1,675,1,
902,15,20,15,1,12,3,1,18,3,1,1,32,1,34,49,920,21,15,6,3,1,676,1,
903,15,20,15,1,9,3,1,18,3,3,1,34,1,35,41,921,21,15,6,3,1,145,1,
904,15,20,15,1,1,3,1,18,3,1,1,33,1,37,41,922,21,15,6,3,1,677,1,
905,15,20,15,1,3,3,1,18,3,55,1,35,1,37,71,923,21,15,6,3,1,678,1,
906,15,20,15,1,3,3,1,18,3,15,1,32,1,45,56,924,21,15,6,3,1,679,1,
907,15,20,15,1,1,3,1,18,3,1,1,41,1,45,46,925,21,15,6,3,1,680,1,
908,15,20,15,1,10,3,1,18,3,16,1,33,1,35,54,926,21,15,6,3,1,681,1,
909,15,20,15,1,1,3,1,18,3,30,3,33,1,37,38,927,21,15,6,3,1,682,1,
910,15,20,15,1,4,3,1,18,3,3,1,36,1,40,43,928,21,15,6,3,1,304,1,
911,15,20,15,1,8,3,1,18,3,20,1,33,1,35,46,929,21,15,6,3,1,454,1,
912,15,20,15,1,4,3,1,18,3,15,1,35,1,37,62,930,21,15,6,3,1,393,1,
913,15,20,15,1,12,3,1,18,3,1,1,35,1,37,41,931,21,15,6,3,1,462,1,
914,15,20,15,1,9,3,1,18,3,1,1,33,1,35,39,932,21,15,6,3,1,467,1,
915,15,21,15,1,5,3,1,19,3,1,1,33,1,35,41,933,21,15,6,3,1,683,1,
916,15,20,15,1,1,3,1,18,3,28,1,37,1,40,42,934,21,15,6,3,1,138,1,
917,15,20,15,1,1,3,1,18,3,1,1,33,1,37,41,935,21,15,6,3,1,270,1,
918,15,20,15,1,3,3,1,18,3,3,1,35,1,34,46,936,21,15,6,3,1,524,1,
919,15,20,15,1,8,3,1,18,3,6,1,33,1,35,36,937,21,15,6,3,1,518,1,
920,15,20,15,1,10,3,1,18,3,58,1,35,1,37,52,938,21,15,6,3,1,684,1,
921,15,20,15,1,8,3,1,18,3,28,1,35,1,37,43,939,21,15,6,3,1,214,1,
922,15,20,15,1,4,3,1,18,3,28,1,33,1,35,38,940,21,15,6,3,1,62,1,
923,15,20,15,1,8,3,1,18,3,43,1,7,1,49,77,941,21,15,6,3,1,685,1,
924,15,20,15,1,6,3,1,18,3,28,1,35,1,37,43,942,21,15,6,3,1,686,1,
925,15,20,15,1,9,3,1,18,3,1,1,33,1,35,41,943,21,15,6,3,1,687,1,
926,15,20,15,1,12,3,1,18,3,1,1,41,1,45,46,944,21,15,6,3,1,688,1,
927,15,20,15,1,8,3,1,18,3,59,1,41,1,45,52,945,21,15,6,3,1,689,1,
928,15,20,15,1,4,3,1,18,3,46,1,7,1,49,9,946,21,15,6,3,1,234,1,
929,15,20,15,1,10,3,1,18,3,15,1,35,1,37,62,947,21,15,6,3,1,233,1,
930,15,20,15,1,1,3,1,18,3,6,1,33,1,35,36,948,21,15,6,3,1,281,1,
931,15,20,15,1,3,3,1,18,3,62,1,32,1,34,66,949,21,15,6,3,1,106,1,
932,15,20,15,1,1,3,1,18,3,17,1,35,1,37,36,950,21,15,6,3,1,450,1,
933,15,20,15,1,3,3,1,18,3,17,1,32,1,34,36,951,21,15,6,3,1,439,1,
934,15,20,15,1,6,3,1,18,3,7,2,35,1,38,43,952,21,15,6,3,1,385,1,
935,15,20,15,1,12,3,1,18,3,23,1,33,1,35,58,953,21,15,6,3,1,675,1,
936,15,20,15,1,1,3,1,18,3,1,1,34,1,36,40,954,21,15,6,3,1,690,1,
937,15,20,15,1,12,3,1,18,3,1,1,33,1,35,39,955,21,15,6,3,1,496,1,
938,15,20,15,1,9,3,1,18,3,7,1,35,1,37,37,956,21,15,6,3,1,162,1,
939,15,20,15,1,6,3,1,18,3,1,1,35,1,37,41,957,21,15,6,3,1,536,1,
940,15,21,15,1,11,3,1,19,3,3,1,34,1,36,39,958,21,15,6,3,1,691,1,
941,15,20,15,1,9,3,1,18,3,1,1,35,1,37,49,959,21,15,6,3,1,692,1,
942,15,20,15,1,1,3,1,18,3,7,1,1,1,1,30,960,21,15,6,3,1,693,1,
943,15,20,15,1,10,3,1,18,3,45,1,35,1,34,22,961,21,15,6,3,1,694,1,
944,15,20,15,1,10,3,1,18,3,6,1,34,1,36,38,962,21,15,6,3,1,675,1,
945,15,20,15,1,9,3,1,18,3,20,1,33,1,35,37,963,21,15,6,3,1,695,1,
946,15,20,15,1,11,3,1,18,3,1,1,32,1,34,49,964,21,15,6,3,1,458,1,
947,15,20,15,1,12,3,1,18,3,1,1,32,1,34,49,965,21,15,6,3,1,696,1,
948,15,20,15,1,8,3,1,18,3,7,1,33,1,35,46,966,21,15,6,3,1,697,1,
949,15,20,15,1,6,3,1,18,3,3,1,35,1,37,46,967,21,15,6,3,1,90,1,
950,15,20,15,1,3,3,1,18,3,3,1,34,1,36,39,968,21,15,6,3,1,698,1,
951,15,20,15,1,9,3,1,18,3,1,1,32,1,34,49,969,21,15,6,3,1,699,1,
952,15,20,15,1,1,3,1,18,3,21,6,34,1,47,30,970,21,15,6,3,1,205,1,
953,15,20,15,1,8,3,1,18,3,1,1,34,1,36,14,971,21,15,6,3,1,700,1,
954,15,20,15,1,12,3,1,18,3,30,1,33,1,35,37,972,21,15,6,3,1,701,1,
955,15,20,15,1,10,3,1,18,3,6,1,33,1,37,36,973,21,15,6,3,1,451,1,
956,15,20,15,1,4,3,1,18,3,30,1,33,1,35,37,974,21,15,6,3,1,702,1,
957,15,20,15,1,12,3,1,18,3,20,1,32,1,34,59,975,21,15,6,3,1,703,1,
958,15,20,15,1,9,3,1,18,3,30,1,33,1,37,59,976,21,15,6,3,1,704,1,
959,15,20,15,1,6,3,1,18,3,20,1,41,1,45,38,977,21,15,6,3,1,252,1,
960,15,21,15,1,5,3,1,19,3,46,1,33,1,35,57,978,21,15,6,3,1,705,1,
961,15,21,15,1,5,3,1,19,3,6,1,33,1,35,43,979,21,15,6,3,1,706,1,
962,15,20,15,1,1,3,1,18,3,1,1,32,1,34,49,980,21,15,6,3,1,707,1,
963,15,20,15,1,6,3,1,18,3,1,1,34,1,36,39,981,21,15,6,3,1,708,1,
964,15,20,15,1,6,3,1,18,3,1,1,32,1,34,49,982,21,15,6,3,1,689,1,
965,15,20,15,1,1,3,1,18,3,1,1,35,1,37,49,983,21,15,6,3,1,709,1,
966,15,20,15,1,4,3,1,18,3,3,1,32,1,34,37,984,21,15,6,3,1,471,1,
967,15,20,15,1,4,3,1,18,3,21,1,35,1,37,42,985,21,15,6,3,1,143,1,
968,15,20,15,1,1,3,1,18,3,30,1,33,1,35,59,986,21,15,6,3,1,710,1,
969,15,20,15,1,6,3,1,18,3,59,1,32,1,34,7,987,21,15,6,3,1,711,1,
970,15,20,15,1,10,3,1,18,3,1,1,33,1,37,41,988,21,15,6,3,1,152,1,
971,15,20,15,1,6,3,1,18,3,30,1,36,1,38,36,989,21,15,6,3,1,289,1,
972,15,20,15,1,10,3,1,18,3,1,2,35,1,45,46,990,21,15,6,3,1,712,1,
973,15,20,15,1,6,3,1,18,3,20,1,35,1,37,59,991,21,15,6,3,1,713,1,
974,15,20,15,1,9,3,1,18,3,3,1,33,1,37,49,992,21,15,6,3,1,714,1,
975,15,20,15,1,6,3,1,18,3,1,2,32,1,40,59,993,21,15,6,3,1,673,1,
976,15,20,15,1,3,3,1,18,3,57,1,32,1,45,74,994,21,15,6,3,1,141,1,
977,15,21,15,1,5,3,1,19,3,1,1,33,1,35,39,995,21,15,6,3,1,302,1,
978,15,20,15,1,3,3,1,18,3,59,1,41,1,45,71,996,21,15,6,3,1,715,1,
979,15,20,15,1,12,3,1,18,3,1,1,33,1,35,39,997,21,15,6,3,1,716,1,
980,15,20,15,1,10,3,1,18,3,7,1,35,1,37,46,998,21,15,6,3,1,717,1,
981,15,20,15,1,10,3,1,18,3,1,1,13,1,51,63,999,21,15,6,3,1,718,1,
